
SET FOREIGN_KEY_CHECKS = 0;

TRUNCATE TABLE thu_hs;
TRUNCATE TABLE dm_thu;
TRUNCATE TABLE thanhpho_hq;
TRUNCATE TABLE truong_hq;
TRUNCATE TABLE ky_hoc;
TRUNCATE TABLE giaovien;
TRUNCATE TABLE phonghoc;
TRUNCATE TABLE ho_so;
TRUNCATE TABLE dm_hoso;
TRUNCATE TABLE bo_hoso;
TRUNCATE TABLE hocsinh;
TRUNCATE TABLE taikhoan_hs;
TRUNCATE TABLE quanhuyen;
TRUNCATE TABLE tinhthanh;

SET FOREIGN_KEY_CHECKS = 1;

INSERT INTO quyen (ten_quyen) VALUES 
('Giám đốc'), ('Đào tạo'), ('Hồ sơ'), ('Tuyển sinh'), ('Biên tập'), ('Kế toán'), ('Học sinh');

INSERT INTO tinhthanh (ten_tinhthanh) VALUES
('An Giang'),
('Bà Rịa - Vũng Tàu'),
('Bắc Giang'),
('Bắc Kạn'),
('Bạc Liêu'),
('Bắc Ninh'),
('Bến Tre'),
('Bình Định'),
('Bình Dương'),
('Bình Phước'),
('Bình Thuận'),
('Cà Mau'),
('Cần Thơ'),
('Cao Bằng'),
('Đà Nẵng'),
('Đắk Lắk'),
('Đắk Nông'),
('Điện Biên'),
('Đồng Nai'),
('Đồng Tháp'),
('Gia Lai'),
('Hà Giang'),
('Hà Nam'),
('Hà Nội'),
('Hà Tĩnh'),
('Hải Dương'),
('Hải Phòng'),
('Hậu Giang'),
('Hòa Bình'),
('Hưng Yên'),
('Khánh Hòa'),
('Kiên Giang'),
('Kon Tum'),
('Lai Châu'),
('Lâm Đồng'),
('Lạng Sơn'),
('Lào Cai'),
('Long An'),
('Nam Định'),
('Nghệ An'),
('Ninh Bình'),
('Ninh Thuận'),
('Phú Thọ'),
('Phú Yên'),
('Quảng Bình'),
('Quảng Nam'),
('Quảng Ngãi'),
('Quảng Ninh'),
('Quảng Trị'),
('Sóc Trăng'),
('Sơn La'),
('Tây Ninh'),
('Thái Bình'),
('Thái Nguyên'),
('Thanh Hóa'),
('Thừa Thiên Huế'),
('Tiền Giang'),
('Thành phố Hồ Chí Minh'),
('Trà Vinh'),
('Tuyên Quang'),
('Vĩnh Long'),
('Vĩnh Phúc'),
('Yên Bái');

INSERT INTO quanhuyen (id_tinhthanh, ten_quanhuyen) VALUES 
( (SELECT id FROM tinhthanh WHERE ten_tinhthanh = 'Hà Nội' LIMIT 1), 'Quận Ba Đình'),
( (SELECT id FROM tinhthanh WHERE ten_tinhthanh = 'Hà Nội' LIMIT 1), 'Quận Hoàn Kiếm'),
( (SELECT id FROM tinhthanh WHERE ten_tinhthanh = 'Hà Nội' LIMIT 1), 'Quận Tây Hồ'),
( (SELECT id FROM tinhthanh WHERE ten_tinhthanh = 'Hà Nội' LIMIT 1), 'Quận Long Biên'),
( (SELECT id FROM tinhthanh WHERE ten_tinhthanh = 'Hà Nội' LIMIT 1), 'Quận Cầu Giấy'),
( (SELECT id FROM tinhthanh WHERE ten_tinhthanh = 'Hà Nội' LIMIT 1), 'Quận Đống Đa'),
( (SELECT id FROM tinhthanh WHERE ten_tinhthanh = 'Hà Nội' LIMIT 1), 'Quận Hai Bà Trưng'),
( (SELECT id FROM tinhthanh WHERE ten_tinhthanh = 'Hà Nội' LIMIT 1), 'Quận Hoàng Mai'),
( (SELECT id FROM tinhthanh WHERE ten_tinhthanh = 'Hà Nội' LIMIT 1), 'Quận Thanh Xuân'),
( (SELECT id FROM tinhthanh WHERE ten_tinhthanh = 'Hà Nội' LIMIT 1), 'Huyện Sóc Sơn'),
( (SELECT id FROM tinhthanh WHERE ten_tinhthanh = 'Hà Nội' LIMIT 1), 'Huyện Đông Anh'),
( (SELECT id FROM tinhthanh WHERE ten_tinhthanh = 'Hà Nội' LIMIT 1), 'Huyện Gia Lâm'),
( (SELECT id FROM tinhthanh WHERE ten_tinhthanh = 'Hà Nội' LIMIT 1), 'Quận Nam Từ Liêm'),
( (SELECT id FROM tinhthanh WHERE ten_tinhthanh = 'Hà Nội' LIMIT 1), 'Huyện Thanh Trì'),
( (SELECT id FROM tinhthanh WHERE ten_tinhthanh = 'Hà Nội' LIMIT 1), 'Quận Bắc Từ Liêm'),
( (SELECT id FROM tinhthanh WHERE ten_tinhthanh = 'Hà Nội' LIMIT 1), 'Huyện Mê Linh'),
( (SELECT id FROM tinhthanh WHERE ten_tinhthanh = 'Hà Nội' LIMIT 1), 'Quận Hà Đông'),
( (SELECT id FROM tinhthanh WHERE ten_tinhthanh = 'Hà Nội' LIMIT 1), 'Thị xã Sơn Tây'),
( (SELECT id FROM tinhthanh WHERE ten_tinhthanh = 'Hà Nội' LIMIT 1), 'Huyện Ba Vì'),
( (SELECT id FROM tinhthanh WHERE ten_tinhthanh = 'Hà Nội' LIMIT 1), 'Huyện Phúc Thọ'),
( (SELECT id FROM tinhthanh WHERE ten_tinhthanh = 'Hà Nội' LIMIT 1), 'Huyện Đan Phượng'),
( (SELECT id FROM tinhthanh WHERE ten_tinhthanh = 'Hà Nội' LIMIT 1), 'Huyện Hoài Đức'),
( (SELECT id FROM tinhthanh WHERE ten_tinhthanh = 'Hà Nội' LIMIT 1), 'Huyện Quốc Oai'),
( (SELECT id FROM tinhthanh WHERE ten_tinhthanh = 'Hà Nội' LIMIT 1), 'Huyện Thạch Thất'),
( (SELECT id FROM tinhthanh WHERE ten_tinhthanh = 'Hà Nội' LIMIT 1), 'Huyện Chương Mỹ'),
( (SELECT id FROM tinhthanh WHERE ten_tinhthanh = 'Hà Nội' LIMIT 1), 'Huyện Thanh Oai'),
( (SELECT id FROM tinhthanh WHERE ten_tinhthanh = 'Hà Nội' LIMIT 1), 'Huyện Thường Tín'),
( (SELECT id FROM tinhthanh WHERE ten_tinhthanh = 'Hà Nội' LIMIT 1), 'Huyện Phú Xuyên'),
( (SELECT id FROM tinhthanh WHERE ten_tinhthanh = 'Hà Nội' LIMIT 1), 'Huyện Ứng Hòa'),
( (SELECT id FROM tinhthanh WHERE ten_tinhthanh = 'Hà Nội' LIMIT 1), 'Huyện Mỹ Đức'),
( (SELECT id FROM tinhthanh WHERE ten_tinhthanh = 'Hà Giang' LIMIT 1), 'Hà Giang'),
( (SELECT id FROM tinhthanh WHERE ten_tinhthanh = 'Hà Giang' LIMIT 1), 'Huyện Đồng Văn'),
( (SELECT id FROM tinhthanh WHERE ten_tinhthanh = 'Hà Giang' LIMIT 1), 'Huyện Mèo Vạc'),
( (SELECT id FROM tinhthanh WHERE ten_tinhthanh = 'Hà Giang' LIMIT 1), 'Huyện Yên Minh'),
( (SELECT id FROM tinhthanh WHERE ten_tinhthanh = 'Hà Giang' LIMIT 1), 'Huyện Quản Bạ'),
( (SELECT id FROM tinhthanh WHERE ten_tinhthanh = 'Hà Giang' LIMIT 1), 'Huyện Vị Xuyên'),
( (SELECT id FROM tinhthanh WHERE ten_tinhthanh = 'Hà Giang' LIMIT 1), 'Huyện Bắc Mê'),
( (SELECT id FROM tinhthanh WHERE ten_tinhthanh = 'Hà Giang' LIMIT 1), 'Huyện Hoàng Su Phì'),
( (SELECT id FROM tinhthanh WHERE ten_tinhthanh = 'Hà Giang' LIMIT 1), 'Huyện Xín Mần'),
( (SELECT id FROM tinhthanh WHERE ten_tinhthanh = 'Hà Giang' LIMIT 1), 'Huyện Bắc Quang'),
( (SELECT id FROM tinhthanh WHERE ten_tinhthanh = 'Hà Giang' LIMIT 1), 'Huyện Quang Bình'),
( (SELECT id FROM tinhthanh WHERE ten_tinhthanh = 'Cao Bằng' LIMIT 1), 'Cao Bằng'),
( (SELECT id FROM tinhthanh WHERE ten_tinhthanh = 'Cao Bằng' LIMIT 1), 'Huyện Bảo Lâm'),
( (SELECT id FROM tinhthanh WHERE ten_tinhthanh = 'Cao Bằng' LIMIT 1), 'Huyện Bảo Lạc'),
( (SELECT id FROM tinhthanh WHERE ten_tinhthanh = 'Cao Bằng' LIMIT 1), 'Huyện Hà Quảng'),
( (SELECT id FROM tinhthanh WHERE ten_tinhthanh = 'Cao Bằng' LIMIT 1), 'Huyện Trùng Khánh'),
( (SELECT id FROM tinhthanh WHERE ten_tinhthanh = 'Cao Bằng' LIMIT 1), 'Huyện Hạ Lang'),
( (SELECT id FROM tinhthanh WHERE ten_tinhthanh = 'Cao Bằng' LIMIT 1), 'Huyện Quảng Hòa'),
( (SELECT id FROM tinhthanh WHERE ten_tinhthanh = 'Cao Bằng' LIMIT 1), 'Huyện Hoà An'),
( (SELECT id FROM tinhthanh WHERE ten_tinhthanh = 'Cao Bằng' LIMIT 1), 'Huyện Nguyên Bình'),
( (SELECT id FROM tinhthanh WHERE ten_tinhthanh = 'Cao Bằng' LIMIT 1), 'Huyện Thạch An'),
( (SELECT id FROM tinhthanh WHERE ten_tinhthanh = 'Bắc Kạn' LIMIT 1), 'Thành Phố Bắc Kạn'),
( (SELECT id FROM tinhthanh WHERE ten_tinhthanh = 'Bắc Kạn' LIMIT 1), 'Huyện Pác Nặm'),
( (SELECT id FROM tinhthanh WHERE ten_tinhthanh = 'Bắc Kạn' LIMIT 1), 'Huyện Ba Bể'),
( (SELECT id FROM tinhthanh WHERE ten_tinhthanh = 'Bắc Kạn' LIMIT 1), 'Huyện Ngân Sơn'),
( (SELECT id FROM tinhthanh WHERE ten_tinhthanh = 'Bắc Kạn' LIMIT 1), 'Huyện Bạch Thông'),
( (SELECT id FROM tinhthanh WHERE ten_tinhthanh = 'Bắc Kạn' LIMIT 1), 'Huyện Chợ Đồn'),
( (SELECT id FROM tinhthanh WHERE ten_tinhthanh = 'Bắc Kạn' LIMIT 1), 'Huyện Chợ Mới'),
( (SELECT id FROM tinhthanh WHERE ten_tinhthanh = 'Bắc Kạn' LIMIT 1), 'Huyện Na Rì'),
( (SELECT id FROM tinhthanh WHERE ten_tinhthanh = 'Tuyên Quang' LIMIT 1), 'Tuyên Quang'),
( (SELECT id FROM tinhthanh WHERE ten_tinhthanh = 'Tuyên Quang' LIMIT 1), 'Huyện Lâm Bình'),
( (SELECT id FROM tinhthanh WHERE ten_tinhthanh = 'Tuyên Quang' LIMIT 1), 'Huyện Na Hang'),
( (SELECT id FROM tinhthanh WHERE ten_tinhthanh = 'Tuyên Quang' LIMIT 1), 'Huyện Chiêm Hóa'),
( (SELECT id FROM tinhthanh WHERE ten_tinhthanh = 'Tuyên Quang' LIMIT 1), 'Huyện Hàm Yên'),
( (SELECT id FROM tinhthanh WHERE ten_tinhthanh = 'Tuyên Quang' LIMIT 1), 'Huyện Yên Sơn'),
( (SELECT id FROM tinhthanh WHERE ten_tinhthanh = 'Tuyên Quang' LIMIT 1), 'Huyện Sơn Dương'),
( (SELECT id FROM tinhthanh WHERE ten_tinhthanh = 'Lào Cai' LIMIT 1), 'Lào Cai'),
( (SELECT id FROM tinhthanh WHERE ten_tinhthanh = 'Lào Cai' LIMIT 1), 'Huyện Bát Xát'),
( (SELECT id FROM tinhthanh WHERE ten_tinhthanh = 'Lào Cai' LIMIT 1), 'Huyện Mường Khương'),
( (SELECT id FROM tinhthanh WHERE ten_tinhthanh = 'Lào Cai' LIMIT 1), 'Huyện Si Ma Cai'),
( (SELECT id FROM tinhthanh WHERE ten_tinhthanh = 'Lào Cai' LIMIT 1), 'Huyện Bắc Hà'),
( (SELECT id FROM tinhthanh WHERE ten_tinhthanh = 'Lào Cai' LIMIT 1), 'Huyện Bảo Thắng'),
( (SELECT id FROM tinhthanh WHERE ten_tinhthanh = 'Lào Cai' LIMIT 1), 'Huyện Bảo Yên'),
( (SELECT id FROM tinhthanh WHERE ten_tinhthanh = 'Lào Cai' LIMIT 1), 'Thị xã Sa Pa'),
( (SELECT id FROM tinhthanh WHERE ten_tinhthanh = 'Lào Cai' LIMIT 1), 'Huyện Văn Bàn'),
( (SELECT id FROM tinhthanh WHERE ten_tinhthanh = 'Điện Biên' LIMIT 1), 'Điện Biên Phủ'),
( (SELECT id FROM tinhthanh WHERE ten_tinhthanh = 'Điện Biên' LIMIT 1), 'Thị Xã Mường Lay'),
( (SELECT id FROM tinhthanh WHERE ten_tinhthanh = 'Điện Biên' LIMIT 1), 'Huyện Mường Nhé'),
( (SELECT id FROM tinhthanh WHERE ten_tinhthanh = 'Điện Biên' LIMIT 1), 'Huyện Mường Chà'),
( (SELECT id FROM tinhthanh WHERE ten_tinhthanh = 'Điện Biên' LIMIT 1), 'Huyện Tủa Chùa'),
( (SELECT id FROM tinhthanh WHERE ten_tinhthanh = 'Điện Biên' LIMIT 1), 'Huyện Tuần Giáo'),
( (SELECT id FROM tinhthanh WHERE ten_tinhthanh = 'Điện Biên' LIMIT 1), 'Huyện Điện Biên'),
( (SELECT id FROM tinhthanh WHERE ten_tinhthanh = 'Điện Biên' LIMIT 1), 'Huyện Điện Biên Đông'),
( (SELECT id FROM tinhthanh WHERE ten_tinhthanh = 'Điện Biên' LIMIT 1), 'Huyện Mường Ảng'),
( (SELECT id FROM tinhthanh WHERE ten_tinhthanh = 'Điện Biên' LIMIT 1), 'Huyện Nậm Pồ'),
( (SELECT id FROM tinhthanh WHERE ten_tinhthanh = 'Lai Châu' LIMIT 1), 'Lai Châu'),
( (SELECT id FROM tinhthanh WHERE ten_tinhthanh = 'Lai Châu' LIMIT 1), 'Huyện Tam Đường'),
( (SELECT id FROM tinhthanh WHERE ten_tinhthanh = 'Lai Châu' LIMIT 1), 'Huyện Mường Tè'),
( (SELECT id FROM tinhthanh WHERE ten_tinhthanh = 'Lai Châu' LIMIT 1), 'Huyện Sìn Hồ'),
( (SELECT id FROM tinhthanh WHERE ten_tinhthanh = 'Lai Châu' LIMIT 1), 'Huyện Phong Thổ'),
( (SELECT id FROM tinhthanh WHERE ten_tinhthanh = 'Lai Châu' LIMIT 1), 'Huyện Than Uyên'),
( (SELECT id FROM tinhthanh WHERE ten_tinhthanh = 'Lai Châu' LIMIT 1), 'Huyện Tân Uyên'),
( (SELECT id FROM tinhthanh WHERE ten_tinhthanh = 'Lai Châu' LIMIT 1), 'Huyện Nậm Nhùn'),
( (SELECT id FROM tinhthanh WHERE ten_tinhthanh = 'Sơn La' LIMIT 1), 'Sơn La'),
( (SELECT id FROM tinhthanh WHERE ten_tinhthanh = 'Sơn La' LIMIT 1), 'Huyện Quỳnh Nhai'),
( (SELECT id FROM tinhthanh WHERE ten_tinhthanh = 'Sơn La' LIMIT 1), 'Huyện Thuận Châu'),
( (SELECT id FROM tinhthanh WHERE ten_tinhthanh = 'Sơn La' LIMIT 1), 'Huyện Mường La'),
( (SELECT id FROM tinhthanh WHERE ten_tinhthanh = 'Sơn La' LIMIT 1), 'Huyện Bắc Yên'),
( (SELECT id FROM tinhthanh WHERE ten_tinhthanh = 'Sơn La' LIMIT 1), 'Huyện Phù Yên'),
( (SELECT id FROM tinhthanh WHERE ten_tinhthanh = 'Sơn La' LIMIT 1), 'Huyện Mộc Châu'),
( (SELECT id FROM tinhthanh WHERE ten_tinhthanh = 'Sơn La' LIMIT 1), 'Huyện Yên Châu'),
( (SELECT id FROM tinhthanh WHERE ten_tinhthanh = 'Sơn La' LIMIT 1), 'Huyện Mai Sơn'),
( (SELECT id FROM tinhthanh WHERE ten_tinhthanh = 'Sơn La' LIMIT 1), 'Huyện Sông Mã'),
( (SELECT id FROM tinhthanh WHERE ten_tinhthanh = 'Sơn La' LIMIT 1), 'Huyện Sốp Cộp'),
( (SELECT id FROM tinhthanh WHERE ten_tinhthanh = 'Sơn La' LIMIT 1), 'Huyện Vân Hồ'),
( (SELECT id FROM tinhthanh WHERE ten_tinhthanh = 'Yên Bái' LIMIT 1), 'Yên Bái'),
( (SELECT id FROM tinhthanh WHERE ten_tinhthanh = 'Yên Bái' LIMIT 1), 'Thị xã Nghĩa Lộ'),
( (SELECT id FROM tinhthanh WHERE ten_tinhthanh = 'Yên Bái' LIMIT 1), 'Huyện Lục Yên'),
( (SELECT id FROM tinhthanh WHERE ten_tinhthanh = 'Yên Bái' LIMIT 1), 'Huyện Văn Yên'),
( (SELECT id FROM tinhthanh WHERE ten_tinhthanh = 'Yên Bái' LIMIT 1), 'Huyện Mù Căng Chải'),
( (SELECT id FROM tinhthanh WHERE ten_tinhthanh = 'Yên Bái' LIMIT 1), 'Huyện Trấn Yên'),
( (SELECT id FROM tinhthanh WHERE ten_tinhthanh = 'Yên Bái' LIMIT 1), 'Huyện Trạm Tấu'),
( (SELECT id FROM tinhthanh WHERE ten_tinhthanh = 'Yên Bái' LIMIT 1), 'Huyện Văn Chấn'),
( (SELECT id FROM tinhthanh WHERE ten_tinhthanh = 'Yên Bái' LIMIT 1), 'Huyện Yên Bình'),
( (SELECT id FROM tinhthanh WHERE ten_tinhthanh = 'Hoà Bình' LIMIT 1), 'Hòa Bình'),
( (SELECT id FROM tinhthanh WHERE ten_tinhthanh = 'Hoà Bình' LIMIT 1), 'Huyện Đà Bắc'),
( (SELECT id FROM tinhthanh WHERE ten_tinhthanh = 'Hoà Bình' LIMIT 1), 'Huyện Lương Sơn'),
( (SELECT id FROM tinhthanh WHERE ten_tinhthanh = 'Hoà Bình' LIMIT 1), 'Huyện Kim Bôi'),
( (SELECT id FROM tinhthanh WHERE ten_tinhthanh = 'Hoà Bình' LIMIT 1), 'Huyện Cao Phong'),
( (SELECT id FROM tinhthanh WHERE ten_tinhthanh = 'Hoà Bình' LIMIT 1), 'Huyện Tân Lạc'),
( (SELECT id FROM tinhthanh WHERE ten_tinhthanh = 'Hoà Bình' LIMIT 1), 'Huyện Mai Châu'),
( (SELECT id FROM tinhthanh WHERE ten_tinhthanh = 'Hoà Bình' LIMIT 1), 'Huyện Lạc Sơn'),
( (SELECT id FROM tinhthanh WHERE ten_tinhthanh = 'Hoà Bình' LIMIT 1), 'Huyện Yên Thủy'),
( (SELECT id FROM tinhthanh WHERE ten_tinhthanh = 'Hoà Bình' LIMIT 1), 'Huyện Lạc Thủy'),
( (SELECT id FROM tinhthanh WHERE ten_tinhthanh = 'Thái Nguyên' LIMIT 1), 'Thái Nguyên'),
( (SELECT id FROM tinhthanh WHERE ten_tinhthanh = 'Thái Nguyên' LIMIT 1), 'Sông Công'),
( (SELECT id FROM tinhthanh WHERE ten_tinhthanh = 'Thái Nguyên' LIMIT 1), 'Huyện Định Hóa'),
( (SELECT id FROM tinhthanh WHERE ten_tinhthanh = 'Thái Nguyên' LIMIT 1), 'Huyện Phú Lương'),
( (SELECT id FROM tinhthanh WHERE ten_tinhthanh = 'Thái Nguyên' LIMIT 1), 'Huyện Đồng Hỷ'),
( (SELECT id FROM tinhthanh WHERE ten_tinhthanh = 'Thái Nguyên' LIMIT 1), 'Huyện Võ Nhai'),
( (SELECT id FROM tinhthanh WHERE ten_tinhthanh = 'Thái Nguyên' LIMIT 1), 'Huyện Đại Từ'),
( (SELECT id FROM tinhthanh WHERE ten_tinhthanh = 'Thái Nguyên' LIMIT 1), 'Thị xã Phổ Yên'),
( (SELECT id FROM tinhthanh WHERE ten_tinhthanh = 'Thái Nguyên' LIMIT 1), 'Huyện Phú Bình'),
( (SELECT id FROM tinhthanh WHERE ten_tinhthanh = 'Lạng Sơn' LIMIT 1), 'Lạng Sơn'),
( (SELECT id FROM tinhthanh WHERE ten_tinhthanh = 'Lạng Sơn' LIMIT 1), 'Huyện Tràng Định'),
( (SELECT id FROM tinhthanh WHERE ten_tinhthanh = 'Lạng Sơn' LIMIT 1), 'Huyện Bình Gia'),
( (SELECT id FROM tinhthanh WHERE ten_tinhthanh = 'Lạng Sơn' LIMIT 1), 'Huyện Văn Lãng'),
( (SELECT id FROM tinhthanh WHERE ten_tinhthanh = 'Lạng Sơn' LIMIT 1), 'Huyện Cao Lộc'),
( (SELECT id FROM tinhthanh WHERE ten_tinhthanh = 'Lạng Sơn' LIMIT 1), 'Huyện Văn Quan'),
( (SELECT id FROM tinhthanh WHERE ten_tinhthanh = 'Lạng Sơn' LIMIT 1), 'Huyện Bắc Sơn'),
( (SELECT id FROM tinhthanh WHERE ten_tinhthanh = 'Lạng Sơn' LIMIT 1), 'Huyện Hữu Lũng'),
( (SELECT id FROM tinhthanh WHERE ten_tinhthanh = 'Lạng Sơn' LIMIT 1), 'Huyện Chi Lăng'),
( (SELECT id FROM tinhthanh WHERE ten_tinhthanh = 'Lạng Sơn' LIMIT 1), 'Huyện Lộc Bình'),
( (SELECT id FROM tinhthanh WHERE ten_tinhthanh = 'Lạng Sơn' LIMIT 1), 'Huyện Đình Lập'),
( (SELECT id FROM tinhthanh WHERE ten_tinhthanh = 'Quảng Ninh' LIMIT 1), 'Hạ Long'),
( (SELECT id FROM tinhthanh WHERE ten_tinhthanh = 'Quảng Ninh' LIMIT 1), 'Móng Cái'),
( (SELECT id FROM tinhthanh WHERE ten_tinhthanh = 'Quảng Ninh' LIMIT 1), 'Cẩm Phả'),
( (SELECT id FROM tinhthanh WHERE ten_tinhthanh = 'Quảng Ninh' LIMIT 1), 'Uông Bí'),
( (SELECT id FROM tinhthanh WHERE ten_tinhthanh = 'Quảng Ninh' LIMIT 1), 'Huyện Bình Liêu'),
( (SELECT id FROM tinhthanh WHERE ten_tinhthanh = 'Quảng Ninh' LIMIT 1), 'Huyện Tiên Yên'),
( (SELECT id FROM tinhthanh WHERE ten_tinhthanh = 'Quảng Ninh' LIMIT 1), 'Huyện Đầm Hà'),
( (SELECT id FROM tinhthanh WHERE ten_tinhthanh = 'Quảng Ninh' LIMIT 1), 'Huyện Hải Hà'),
( (SELECT id FROM tinhthanh WHERE ten_tinhthanh = 'Quảng Ninh' LIMIT 1), 'Huyện Ba Chẽ'),
( (SELECT id FROM tinhthanh WHERE ten_tinhthanh = 'Quảng Ninh' LIMIT 1), 'Huyện Vân Đồn'),
( (SELECT id FROM tinhthanh WHERE ten_tinhthanh = 'Quảng Ninh' LIMIT 1), 'Thị xã Đông Triều'),
( (SELECT id FROM tinhthanh WHERE ten_tinhthanh = 'Quảng Ninh' LIMIT 1), 'Thị xã Quảng Yên'),
( (SELECT id FROM tinhthanh WHERE ten_tinhthanh = 'Quảng Ninh' LIMIT 1), 'Huyện Cô Tô'),
( (SELECT id FROM tinhthanh WHERE ten_tinhthanh = 'Bắc Giang' LIMIT 1), 'Bắc Giang'),
( (SELECT id FROM tinhthanh WHERE ten_tinhthanh = 'Bắc Giang' LIMIT 1), 'Huyện Yên Thế'),
( (SELECT id FROM tinhthanh WHERE ten_tinhthanh = 'Bắc Giang' LIMIT 1), 'Huyện Tân Yên'),
( (SELECT id FROM tinhthanh WHERE ten_tinhthanh = 'Bắc Giang' LIMIT 1), 'Huyện Lạng Giang'),
( (SELECT id FROM tinhthanh WHERE ten_tinhthanh = 'Bắc Giang' LIMIT 1), 'Huyện Lục Nam'),
( (SELECT id FROM tinhthanh WHERE ten_tinhthanh = 'Bắc Giang' LIMIT 1), 'Huyện Lục Ngạn'),
( (SELECT id FROM tinhthanh WHERE ten_tinhthanh = 'Bắc Giang' LIMIT 1), 'Huyện Sơn Động'),
( (SELECT id FROM tinhthanh WHERE ten_tinhthanh = 'Bắc Giang' LIMIT 1), 'Huyện Yên Dũng'),
( (SELECT id FROM tinhthanh WHERE ten_tinhthanh = 'Bắc Giang' LIMIT 1), 'Huyện Việt Yên'),
( (SELECT id FROM tinhthanh WHERE ten_tinhthanh = 'Bắc Giang' LIMIT 1), 'Huyện Hiệp Hòa'),
( (SELECT id FROM tinhthanh WHERE ten_tinhthanh = 'Phú Thọ' LIMIT 1), 'Việt Trì'),
( (SELECT id FROM tinhthanh WHERE ten_tinhthanh = 'Phú Thọ' LIMIT 1), 'Thị xã Phú Thọ'),
( (SELECT id FROM tinhthanh WHERE ten_tinhthanh = 'Phú Thọ' LIMIT 1), 'Huyện Đoan Hùng'),
( (SELECT id FROM tinhthanh WHERE ten_tinhthanh = 'Phú Thọ' LIMIT 1), 'Huyện Hạ Hoà'),
( (SELECT id FROM tinhthanh WHERE ten_tinhthanh = 'Phú Thọ' LIMIT 1), 'Huyện Thanh Ba'),
( (SELECT id FROM tinhthanh WHERE ten_tinhthanh = 'Phú Thọ' LIMIT 1), 'Huyện Phù Ninh'),
( (SELECT id FROM tinhthanh WHERE ten_tinhthanh = 'Phú Thọ' LIMIT 1), 'Huyện Yên Lập'),
( (SELECT id FROM tinhthanh WHERE ten_tinhthanh = 'Phú Thọ' LIMIT 1), 'Huyện Cẩm Khê'),
( (SELECT id FROM tinhthanh WHERE ten_tinhthanh = 'Phú Thọ' LIMIT 1), 'Huyện Tam Nông'),
( (SELECT id FROM tinhthanh WHERE ten_tinhthanh = 'Phú Thọ' LIMIT 1), 'Huyện Lâm Thao'),
( (SELECT id FROM tinhthanh WHERE ten_tinhthanh = 'Phú Thọ' LIMIT 1), 'Huyện Thanh Sơn'),
( (SELECT id FROM tinhthanh WHERE ten_tinhthanh = 'Phú Thọ' LIMIT 1), 'Huyện Thanh Thuỷ'),
( (SELECT id FROM tinhthanh WHERE ten_tinhthanh = 'Phú Thọ' LIMIT 1), 'Huyện Tân Sơn'),
( (SELECT id FROM tinhthanh WHERE ten_tinhthanh = 'Vĩnh Phúc' LIMIT 1), 'Vĩnh Yên'),
( (SELECT id FROM tinhthanh WHERE ten_tinhthanh = 'Vĩnh Phúc' LIMIT 1), 'Phúc Yên'),
( (SELECT id FROM tinhthanh WHERE ten_tinhthanh = 'Vĩnh Phúc' LIMIT 1), 'Huyện Lập Thạch'),
( (SELECT id FROM tinhthanh WHERE ten_tinhthanh = 'Vĩnh Phúc' LIMIT 1), 'Huyện Tam Dương'),
( (SELECT id FROM tinhthanh WHERE ten_tinhthanh = 'Vĩnh Phúc' LIMIT 1), 'Huyện Tam Đảo'),
( (SELECT id FROM tinhthanh WHERE ten_tinhthanh = 'Vĩnh Phúc' LIMIT 1), 'Huyện Bình Xuyên'),
( (SELECT id FROM tinhthanh WHERE ten_tinhthanh = 'Vĩnh Phúc' LIMIT 1), 'Huyện Yên Lạc'),
( (SELECT id FROM tinhthanh WHERE ten_tinhthanh = 'Vĩnh Phúc' LIMIT 1), 'Huyện Vĩnh Tường'),
( (SELECT id FROM tinhthanh WHERE ten_tinhthanh = 'Vĩnh Phúc' LIMIT 1), 'Huyện Sông Lô'),
( (SELECT id FROM tinhthanh WHERE ten_tinhthanh = 'Bắc Ninh' LIMIT 1), 'Bắc Ninh'),
( (SELECT id FROM tinhthanh WHERE ten_tinhthanh = 'Bắc Ninh' LIMIT 1), 'Huyện Yên Phong'),
( (SELECT id FROM tinhthanh WHERE ten_tinhthanh = 'Bắc Ninh' LIMIT 1), 'Huyện Quế Võ'),
( (SELECT id FROM tinhthanh WHERE ten_tinhthanh = 'Bắc Ninh' LIMIT 1), 'Huyện Tiên Du'),
( (SELECT id FROM tinhthanh WHERE ten_tinhthanh = 'Bắc Ninh' LIMIT 1), 'Thị xã Từ Sơn'),
( (SELECT id FROM tinhthanh WHERE ten_tinhthanh = 'Bắc Ninh' LIMIT 1), 'Huyện Thuận Thành'),
( (SELECT id FROM tinhthanh WHERE ten_tinhthanh = 'Bắc Ninh' LIMIT 1), 'Huyện Gia Bình'),
( (SELECT id FROM tinhthanh WHERE ten_tinhthanh = 'Bắc Ninh' LIMIT 1), 'Huyện Lương Tài'),
( (SELECT id FROM tinhthanh WHERE ten_tinhthanh = 'Hải Dương' LIMIT 1), 'Hải Dương'),
( (SELECT id FROM tinhthanh WHERE ten_tinhthanh = 'Hải Dương' LIMIT 1), 'Chí Linh'),
( (SELECT id FROM tinhthanh WHERE ten_tinhthanh = 'Hải Dương' LIMIT 1), 'Huyện Nam Sách'),
( (SELECT id FROM tinhthanh WHERE ten_tinhthanh = 'Hải Dương' LIMIT 1), 'Thị xã Kinh Môn'),
( (SELECT id FROM tinhthanh WHERE ten_tinhthanh = 'Hải Dương' LIMIT 1), 'Huyện Kim Thành'),
( (SELECT id FROM tinhthanh WHERE ten_tinhthanh = 'Hải Dương' LIMIT 1), 'Huyện Thanh Hà'),
( (SELECT id FROM tinhthanh WHERE ten_tinhthanh = 'Hải Dương' LIMIT 1), 'Huyện Cẩm Giàng'),
( (SELECT id FROM tinhthanh WHERE ten_tinhthanh = 'Hải Dương' LIMIT 1), 'Huyện Bình Giang'),
( (SELECT id FROM tinhthanh WHERE ten_tinhthanh = 'Hải Dương' LIMIT 1), 'Huyện Gia Lộc'),
( (SELECT id FROM tinhthanh WHERE ten_tinhthanh = 'Hải Dương' LIMIT 1), 'Huyện Tứ Kỳ'),
( (SELECT id FROM tinhthanh WHERE ten_tinhthanh = 'Hải Dương' LIMIT 1), 'Huyện Ninh Giang'),
( (SELECT id FROM tinhthanh WHERE ten_tinhthanh = 'Hải Dương' LIMIT 1), 'Huyện Thanh Miện'),
( (SELECT id FROM tinhthanh WHERE ten_tinhthanh = 'Hải Phòng' LIMIT 1), 'Quận Hồng Bàng'),
( (SELECT id FROM tinhthanh WHERE ten_tinhthanh = 'Hải Phòng' LIMIT 1), 'Quận Ngô Quyền'),
( (SELECT id FROM tinhthanh WHERE ten_tinhthanh = 'Hải Phòng' LIMIT 1), 'Quận Lê Chân'),
( (SELECT id FROM tinhthanh WHERE ten_tinhthanh = 'Hải Phòng' LIMIT 1), 'Quận Hải An'),
( (SELECT id FROM tinhthanh WHERE ten_tinhthanh = 'Hải Phòng' LIMIT 1), 'Quận Kiến An'),
( (SELECT id FROM tinhthanh WHERE ten_tinhthanh = 'Hải Phòng' LIMIT 1), 'Quận Đồ Sơn'),
( (SELECT id FROM tinhthanh WHERE ten_tinhthanh = 'Hải Phòng' LIMIT 1), 'Quận Dương Kinh'),
( (SELECT id FROM tinhthanh WHERE ten_tinhthanh = 'Hải Phòng' LIMIT 1), 'Huyện Thuỷ Nguyên'),
( (SELECT id FROM tinhthanh WHERE ten_tinhthanh = 'Hải Phòng' LIMIT 1), 'Huyện An Dương'),
( (SELECT id FROM tinhthanh WHERE ten_tinhthanh = 'Hải Phòng' LIMIT 1), 'Huyện An Lão'),
( (SELECT id FROM tinhthanh WHERE ten_tinhthanh = 'Hải Phòng' LIMIT 1), 'Huyện Kiến Thuỵ'),
( (SELECT id FROM tinhthanh WHERE ten_tinhthanh = 'Hải Phòng' LIMIT 1), 'Huyện Tiên Lãng'),
( (SELECT id FROM tinhthanh WHERE ten_tinhthanh = 'Hải Phòng' LIMIT 1), 'Huyện Vĩnh Bảo'),
( (SELECT id FROM tinhthanh WHERE ten_tinhthanh = 'Hải Phòng' LIMIT 1), 'Huyện Cát Hải'),
( (SELECT id FROM tinhthanh WHERE ten_tinhthanh = 'Hải Phòng' LIMIT 1), 'Huyện Bạch Long Vĩ'),
( (SELECT id FROM tinhthanh WHERE ten_tinhthanh = 'Hưng Yên' LIMIT 1), 'Hưng Yên'),
( (SELECT id FROM tinhthanh WHERE ten_tinhthanh = 'Hưng Yên' LIMIT 1), 'Huyện Văn Lâm'),
( (SELECT id FROM tinhthanh WHERE ten_tinhthanh = 'Hưng Yên' LIMIT 1), 'Huyện Văn Giang'),
( (SELECT id FROM tinhthanh WHERE ten_tinhthanh = 'Hưng Yên' LIMIT 1), 'Huyện Yên Mỹ'),
( (SELECT id FROM tinhthanh WHERE ten_tinhthanh = 'Hưng Yên' LIMIT 1), 'Thị xã Mỹ Hào'),
( (SELECT id FROM tinhthanh WHERE ten_tinhthanh = 'Hưng Yên' LIMIT 1), 'Huyện Ân Thi'),
( (SELECT id FROM tinhthanh WHERE ten_tinhthanh = 'Hưng Yên' LIMIT 1), 'Huyện Khoái Châu'),
( (SELECT id FROM tinhthanh WHERE ten_tinhthanh = 'Hưng Yên' LIMIT 1), 'Huyện Kim Động'),
( (SELECT id FROM tinhthanh WHERE ten_tinhthanh = 'Hưng Yên' LIMIT 1), 'Huyện Tiên Lữ'),
( (SELECT id FROM tinhthanh WHERE ten_tinhthanh = 'Hưng Yên' LIMIT 1), 'Huyện Phù Cừ'),
( (SELECT id FROM tinhthanh WHERE ten_tinhthanh = 'Thái Bình' LIMIT 1), 'Thái Bình'),
( (SELECT id FROM tinhthanh WHERE ten_tinhthanh = 'Thái Bình' LIMIT 1), 'Huyện Quỳnh Phụ'),
( (SELECT id FROM tinhthanh WHERE ten_tinhthanh = 'Thái Bình' LIMIT 1), 'Huyện Hưng Hà'),
( (SELECT id FROM tinhthanh WHERE ten_tinhthanh = 'Thái Bình' LIMIT 1), 'Huyện Đông Hưng'),
( (SELECT id FROM tinhthanh WHERE ten_tinhthanh = 'Thái Bình' LIMIT 1), 'Huyện Thái Thụy'),
( (SELECT id FROM tinhthanh WHERE ten_tinhthanh = 'Thái Bình' LIMIT 1), 'Huyện Tiền Hải'),
( (SELECT id FROM tinhthanh WHERE ten_tinhthanh = 'Thái Bình' LIMIT 1), 'Huyện Kiến Xương'),
( (SELECT id FROM tinhthanh WHERE ten_tinhthanh = 'Thái Bình' LIMIT 1), 'Huyện Vũ Thư'),
( (SELECT id FROM tinhthanh WHERE ten_tinhthanh = 'Hà Nam' LIMIT 1), 'Phủ Lý'),
( (SELECT id FROM tinhthanh WHERE ten_tinhthanh = 'Hà Nam' LIMIT 1), 'Thị xã Duy Tiên'),
( (SELECT id FROM tinhthanh WHERE ten_tinhthanh = 'Hà Nam' LIMIT 1), 'Huyện Kim Bảng'),
( (SELECT id FROM tinhthanh WHERE ten_tinhthanh = 'Hà Nam' LIMIT 1), 'Huyện Thanh Liêm'),
( (SELECT id FROM tinhthanh WHERE ten_tinhthanh = 'Hà Nam' LIMIT 1), 'Huyện Bình Lục'),
( (SELECT id FROM tinhthanh WHERE ten_tinhthanh = 'Hà Nam' LIMIT 1), 'Huyện Lý Nhân'),
( (SELECT id FROM tinhthanh WHERE ten_tinhthanh = 'Nam Định' LIMIT 1), 'Nam Định'),
( (SELECT id FROM tinhthanh WHERE ten_tinhthanh = 'Nam Định' LIMIT 1), 'Huyện Mỹ Lộc'),
( (SELECT id FROM tinhthanh WHERE ten_tinhthanh = 'Nam Định' LIMIT 1), 'Huyện Vụ Bản'),
( (SELECT id FROM tinhthanh WHERE ten_tinhthanh = 'Nam Định' LIMIT 1), 'Huyện Ý Yên'),
( (SELECT id FROM tinhthanh WHERE ten_tinhthanh = 'Nam Định' LIMIT 1), 'Huyện Nghĩa Hưng'),
( (SELECT id FROM tinhthanh WHERE ten_tinhthanh = 'Nam Định' LIMIT 1), 'Huyện Nam Trực'),
( (SELECT id FROM tinhthanh WHERE ten_tinhthanh = 'Nam Định' LIMIT 1), 'Huyện Trực Ninh'),
( (SELECT id FROM tinhthanh WHERE ten_tinhthanh = 'Nam Định' LIMIT 1), 'Huyện Xuân Trường'),
( (SELECT id FROM tinhthanh WHERE ten_tinhthanh = 'Nam Định' LIMIT 1), 'Huyện Giao Thủy'),
( (SELECT id FROM tinhthanh WHERE ten_tinhthanh = 'Nam Định' LIMIT 1), 'Huyện Hải Hậu'),
( (SELECT id FROM tinhthanh WHERE ten_tinhthanh = 'Ninh Bình' LIMIT 1), 'Ninh Bình'),
( (SELECT id FROM tinhthanh WHERE ten_tinhthanh = 'Ninh Bình' LIMIT 1), 'Tam Điệp'),
( (SELECT id FROM tinhthanh WHERE ten_tinhthanh = 'Ninh Bình' LIMIT 1), 'Huyện Nho Quan'),
( (SELECT id FROM tinhthanh WHERE ten_tinhthanh = 'Ninh Bình' LIMIT 1), 'Huyện Gia Viễn'),
( (SELECT id FROM tinhthanh WHERE ten_tinhthanh = 'Ninh Bình' LIMIT 1), 'Huyện Hoa Lư'),
( (SELECT id FROM tinhthanh WHERE ten_tinhthanh = 'Ninh Bình' LIMIT 1), 'Huyện Yên Khánh'),
( (SELECT id FROM tinhthanh WHERE ten_tinhthanh = 'Ninh Bình' LIMIT 1), 'Huyện Kim Sơn'),
( (SELECT id FROM tinhthanh WHERE ten_tinhthanh = 'Ninh Bình' LIMIT 1), 'Huyện Yên Mô'),
( (SELECT id FROM tinhthanh WHERE ten_tinhthanh = 'Thanh Hóa' LIMIT 1), 'Thanh Hóa'),
( (SELECT id FROM tinhthanh WHERE ten_tinhthanh = 'Thanh Hóa' LIMIT 1), 'Thị xã Bỉm Sơn'),
( (SELECT id FROM tinhthanh WHERE ten_tinhthanh = 'Thanh Hóa' LIMIT 1), 'Sầm Sơn'),
( (SELECT id FROM tinhthanh WHERE ten_tinhthanh = 'Thanh Hóa' LIMIT 1), 'Huyện Mường Lát'),
( (SELECT id FROM tinhthanh WHERE ten_tinhthanh = 'Thanh Hóa' LIMIT 1), 'Huyện Quan Hóa'),
( (SELECT id FROM tinhthanh WHERE ten_tinhthanh = 'Thanh Hóa' LIMIT 1), 'Huyện Bá Thước'),
( (SELECT id FROM tinhthanh WHERE ten_tinhthanh = 'Thanh Hóa' LIMIT 1), 'Huyện Quan Sơn'),
( (SELECT id FROM tinhthanh WHERE ten_tinhthanh = 'Thanh Hóa' LIMIT 1), 'Huyện Lang Chánh'),
( (SELECT id FROM tinhthanh WHERE ten_tinhthanh = 'Thanh Hóa' LIMIT 1), 'Huyện Ngọc Lặc'),
( (SELECT id FROM tinhthanh WHERE ten_tinhthanh = 'Thanh Hóa' LIMIT 1), 'Huyện Cẩm Thủy'),
( (SELECT id FROM tinhthanh WHERE ten_tinhthanh = 'Thanh Hóa' LIMIT 1), 'Huyện Thạch Thành'),
( (SELECT id FROM tinhthanh WHERE ten_tinhthanh = 'Thanh Hóa' LIMIT 1), 'Huyện Hà Trung'),
( (SELECT id FROM tinhthanh WHERE ten_tinhthanh = 'Thanh Hóa' LIMIT 1), 'Huyện Vĩnh Lộc'),
( (SELECT id FROM tinhthanh WHERE ten_tinhthanh = 'Thanh Hóa' LIMIT 1), 'Huyện Yên Định'),
( (SELECT id FROM tinhthanh WHERE ten_tinhthanh = 'Thanh Hóa' LIMIT 1), 'Huyện Thọ Xuân'),
( (SELECT id FROM tinhthanh WHERE ten_tinhthanh = 'Thanh Hóa' LIMIT 1), 'Huyện Thường Xuân'),
( (SELECT id FROM tinhthanh WHERE ten_tinhthanh = 'Thanh Hóa' LIMIT 1), 'Huyện Triệu Sơn'),
( (SELECT id FROM tinhthanh WHERE ten_tinhthanh = 'Thanh Hóa' LIMIT 1), 'Huyện Thiệu Hóa'),
( (SELECT id FROM tinhthanh WHERE ten_tinhthanh = 'Thanh Hóa' LIMIT 1), 'Huyện Hoằng Hóa'),
( (SELECT id FROM tinhthanh WHERE ten_tinhthanh = 'Thanh Hóa' LIMIT 1), 'Huyện Hậu Lộc'),
( (SELECT id FROM tinhthanh WHERE ten_tinhthanh = 'Thanh Hóa' LIMIT 1), 'Huyện Nga Sơn'),
( (SELECT id FROM tinhthanh WHERE ten_tinhthanh = 'Thanh Hóa' LIMIT 1), 'Huyện Như Xuân'),
( (SELECT id FROM tinhthanh WHERE ten_tinhthanh = 'Thanh Hóa' LIMIT 1), 'Huyện Như Thanh'),
( (SELECT id FROM tinhthanh WHERE ten_tinhthanh = 'Thanh Hóa' LIMIT 1), 'Huyện Nông Cống'),
( (SELECT id FROM tinhthanh WHERE ten_tinhthanh = 'Thanh Hóa' LIMIT 1), 'Huyện Đông Sơn'),
( (SELECT id FROM tinhthanh WHERE ten_tinhthanh = 'Thanh Hóa' LIMIT 1), 'Huyện Quảng Xương'),
( (SELECT id FROM tinhthanh WHERE ten_tinhthanh = 'Thanh Hóa' LIMIT 1), 'Thị xã Nghi Sơn'),
( (SELECT id FROM tinhthanh WHERE ten_tinhthanh = 'Nghệ An' LIMIT 1), 'Vinh'),
( (SELECT id FROM tinhthanh WHERE ten_tinhthanh = 'Nghệ An' LIMIT 1), 'Thị xã Cửa Lò'),
( (SELECT id FROM tinhthanh WHERE ten_tinhthanh = 'Nghệ An' LIMIT 1), 'Thị xã Thái Hoà'),
( (SELECT id FROM tinhthanh WHERE ten_tinhthanh = 'Nghệ An' LIMIT 1), 'Huyện Quế Phong'),
( (SELECT id FROM tinhthanh WHERE ten_tinhthanh = 'Nghệ An' LIMIT 1), 'Huyện Quỳ Châu'),
( (SELECT id FROM tinhthanh WHERE ten_tinhthanh = 'Nghệ An' LIMIT 1), 'Huyện Kỳ Sơn'),
( (SELECT id FROM tinhthanh WHERE ten_tinhthanh = 'Nghệ An' LIMIT 1), 'Huyện Tương Dương'),
( (SELECT id FROM tinhthanh WHERE ten_tinhthanh = 'Nghệ An' LIMIT 1), 'Huyện Nghĩa Đàn'),
( (SELECT id FROM tinhthanh WHERE ten_tinhthanh = 'Nghệ An' LIMIT 1), 'Huyện Quỳ Hợp'),
( (SELECT id FROM tinhthanh WHERE ten_tinhthanh = 'Nghệ An' LIMIT 1), 'Huyện Quỳnh Lưu'),
( (SELECT id FROM tinhthanh WHERE ten_tinhthanh = 'Nghệ An' LIMIT 1), 'Huyện Con Cuông'),
( (SELECT id FROM tinhthanh WHERE ten_tinhthanh = 'Nghệ An' LIMIT 1), 'Huyện Tân Kỳ'),
( (SELECT id FROM tinhthanh WHERE ten_tinhthanh = 'Nghệ An' LIMIT 1), 'Huyện Anh Sơn'),
( (SELECT id FROM tinhthanh WHERE ten_tinhthanh = 'Nghệ An' LIMIT 1), 'Huyện Diễn Châu'),
( (SELECT id FROM tinhthanh WHERE ten_tinhthanh = 'Nghệ An' LIMIT 1), 'Huyện Yên Thành'),
( (SELECT id FROM tinhthanh WHERE ten_tinhthanh = 'Nghệ An' LIMIT 1), 'Huyện Đô Lương'),
( (SELECT id FROM tinhthanh WHERE ten_tinhthanh = 'Nghệ An' LIMIT 1), 'Huyện Thanh Chương'),
( (SELECT id FROM tinhthanh WHERE ten_tinhthanh = 'Nghệ An' LIMIT 1), 'Huyện Nghi Lộc'),
( (SELECT id FROM tinhthanh WHERE ten_tinhthanh = 'Nghệ An' LIMIT 1), 'Huyện Nam Đàn'),
( (SELECT id FROM tinhthanh WHERE ten_tinhthanh = 'Nghệ An' LIMIT 1), 'Huyện Hưng Nguyên'),
( (SELECT id FROM tinhthanh WHERE ten_tinhthanh = 'Nghệ An' LIMIT 1), 'Thị xã Hoàng Mai'),
( (SELECT id FROM tinhthanh WHERE ten_tinhthanh = 'Hà Tĩnh' LIMIT 1), 'Hà Tĩnh'),
( (SELECT id FROM tinhthanh WHERE ten_tinhthanh = 'Hà Tĩnh' LIMIT 1), 'Thị xã Hồng Lĩnh'),
( (SELECT id FROM tinhthanh WHERE ten_tinhthanh = 'Hà Tĩnh' LIMIT 1), 'Huyện Hương Sơn'),
( (SELECT id FROM tinhthanh WHERE ten_tinhthanh = 'Hà Tĩnh' LIMIT 1), 'Huyện Đức Thọ'),
( (SELECT id FROM tinhthanh WHERE ten_tinhthanh = 'Hà Tĩnh' LIMIT 1), 'Huyện Vũ Quang'),
( (SELECT id FROM tinhthanh WHERE ten_tinhthanh = 'Hà Tĩnh' LIMIT 1), 'Huyện Nghi Xuân'),
( (SELECT id FROM tinhthanh WHERE ten_tinhthanh = 'Hà Tĩnh' LIMIT 1), 'Huyện Can Lộc'),
( (SELECT id FROM tinhthanh WHERE ten_tinhthanh = 'Hà Tĩnh' LIMIT 1), 'Huyện Hương Khê'),
( (SELECT id FROM tinhthanh WHERE ten_tinhthanh = 'Hà Tĩnh' LIMIT 1), 'Huyện Thạch Hà'),
( (SELECT id FROM tinhthanh WHERE ten_tinhthanh = 'Hà Tĩnh' LIMIT 1), 'Huyện Cẩm Xuyên'),
( (SELECT id FROM tinhthanh WHERE ten_tinhthanh = 'Hà Tĩnh' LIMIT 1), 'Huyện Kỳ Anh'),
( (SELECT id FROM tinhthanh WHERE ten_tinhthanh = 'Hà Tĩnh' LIMIT 1), 'Huyện Lộc Hà'),
( (SELECT id FROM tinhthanh WHERE ten_tinhthanh = 'Hà Tĩnh' LIMIT 1), 'Thị xã Kỳ Anh'),
( (SELECT id FROM tinhthanh WHERE ten_tinhthanh = 'Quảng Bình' LIMIT 1), 'Thành Phố Đồng Hới'),
( (SELECT id FROM tinhthanh WHERE ten_tinhthanh = 'Quảng Bình' LIMIT 1), 'Huyện Minh Hóa'),
( (SELECT id FROM tinhthanh WHERE ten_tinhthanh = 'Quảng Bình' LIMIT 1), 'Huyện Tuyên Hóa'),
( (SELECT id FROM tinhthanh WHERE ten_tinhthanh = 'Quảng Bình' LIMIT 1), 'Huyện Quảng Trạch'),
( (SELECT id FROM tinhthanh WHERE ten_tinhthanh = 'Quảng Bình' LIMIT 1), 'Huyện Bố Trạch'),
( (SELECT id FROM tinhthanh WHERE ten_tinhthanh = 'Quảng Bình' LIMIT 1), 'Huyện Quảng Ninh'),
( (SELECT id FROM tinhthanh WHERE ten_tinhthanh = 'Quảng Bình' LIMIT 1), 'Huyện Lệ Thủy'),
( (SELECT id FROM tinhthanh WHERE ten_tinhthanh = 'Quảng Bình' LIMIT 1), 'Thị xã Ba Đồn'),
( (SELECT id FROM tinhthanh WHERE ten_tinhthanh = 'Quảng Trị' LIMIT 1), 'Đông Hà'),
( (SELECT id FROM tinhthanh WHERE ten_tinhthanh = 'Quảng Trị' LIMIT 1), 'Thị xã Quảng Trị'),
( (SELECT id FROM tinhthanh WHERE ten_tinhthanh = 'Quảng Trị' LIMIT 1), 'Huyện Vĩnh Linh'),
( (SELECT id FROM tinhthanh WHERE ten_tinhthanh = 'Quảng Trị' LIMIT 1), 'Huyện Hướng Hóa'),
( (SELECT id FROM tinhthanh WHERE ten_tinhthanh = 'Quảng Trị' LIMIT 1), 'Huyện Gio Linh'),
( (SELECT id FROM tinhthanh WHERE ten_tinhthanh = 'Quảng Trị' LIMIT 1), 'Huyện Đa Krông'),
( (SELECT id FROM tinhthanh WHERE ten_tinhthanh = 'Quảng Trị' LIMIT 1), 'Huyện Cam Lộ'),
( (SELECT id FROM tinhthanh WHERE ten_tinhthanh = 'Quảng Trị' LIMIT 1), 'Huyện Triệu Phong'),
( (SELECT id FROM tinhthanh WHERE ten_tinhthanh = 'Quảng Trị' LIMIT 1), 'Huyện Hải Lăng'),
( (SELECT id FROM tinhthanh WHERE ten_tinhthanh = 'Quảng Trị' LIMIT 1), 'Huyện Cồn Cỏ'),
( (SELECT id FROM tinhthanh WHERE ten_tinhthanh = 'Thừa Thiên Huế' LIMIT 1), 'Huế'),
( (SELECT id FROM tinhthanh WHERE ten_tinhthanh = 'Thừa Thiên Huế' LIMIT 1), 'Huyện Phong Điền'),
( (SELECT id FROM tinhthanh WHERE ten_tinhthanh = 'Thừa Thiên Huế' LIMIT 1), 'Huyện Quảng Điền'),
( (SELECT id FROM tinhthanh WHERE ten_tinhthanh = 'Thừa Thiên Huế' LIMIT 1), 'Huyện Phú Vang'),
( (SELECT id FROM tinhthanh WHERE ten_tinhthanh = 'Thừa Thiên Huế' LIMIT 1), 'Thị xã Hương Thủy'),
( (SELECT id FROM tinhthanh WHERE ten_tinhthanh = 'Thừa Thiên Huế' LIMIT 1), 'Thị xã Hương Trà'),
( (SELECT id FROM tinhthanh WHERE ten_tinhthanh = 'Thừa Thiên Huế' LIMIT 1), 'Huyện A Lưới'),
( (SELECT id FROM tinhthanh WHERE ten_tinhthanh = 'Thừa Thiên Huế' LIMIT 1), 'Huyện Phú Lộc'),
( (SELECT id FROM tinhthanh WHERE ten_tinhthanh = 'Thừa Thiên Huế' LIMIT 1), 'Huyện Nam Đông'),
( (SELECT id FROM tinhthanh WHERE ten_tinhthanh = 'Đà Nẵng' LIMIT 1), 'Quận Liên Chiểu'),
( (SELECT id FROM tinhthanh WHERE ten_tinhthanh = 'Đà Nẵng' LIMIT 1), 'Quận Thanh Khê'),
( (SELECT id FROM tinhthanh WHERE ten_tinhthanh = 'Đà Nẵng' LIMIT 1), 'Quận Hải Châu'),
( (SELECT id FROM tinhthanh WHERE ten_tinhthanh = 'Đà Nẵng' LIMIT 1), 'Quận Sơn Trà'),
( (SELECT id FROM tinhthanh WHERE ten_tinhthanh = 'Đà Nẵng' LIMIT 1), 'Quận Ngũ Hành Sơn'),
( (SELECT id FROM tinhthanh WHERE ten_tinhthanh = 'Đà Nẵng' LIMIT 1), 'Quận Cẩm Lệ'),
( (SELECT id FROM tinhthanh WHERE ten_tinhthanh = 'Đà Nẵng' LIMIT 1), 'Huyện Hòa Vang'),
( (SELECT id FROM tinhthanh WHERE ten_tinhthanh = 'Đà Nẵng' LIMIT 1), 'Huyện Hoàng Sa'),
( (SELECT id FROM tinhthanh WHERE ten_tinhthanh = 'Quảng Nam' LIMIT 1), 'Tam Kỳ'),
( (SELECT id FROM tinhthanh WHERE ten_tinhthanh = 'Quảng Nam' LIMIT 1), 'Hội An'),
( (SELECT id FROM tinhthanh WHERE ten_tinhthanh = 'Quảng Nam' LIMIT 1), 'Huyện Tây Giang'),
( (SELECT id FROM tinhthanh WHERE ten_tinhthanh = 'Quảng Nam' LIMIT 1), 'Huyện Đông Giang'),
( (SELECT id FROM tinhthanh WHERE ten_tinhthanh = 'Quảng Nam' LIMIT 1), 'Huyện Đại Lộc'),
( (SELECT id FROM tinhthanh WHERE ten_tinhthanh = 'Quảng Nam' LIMIT 1), 'Thị xã Điện Bàn'),
( (SELECT id FROM tinhthanh WHERE ten_tinhthanh = 'Quảng Nam' LIMIT 1), 'Huyện Duy Xuyên'),
( (SELECT id FROM tinhthanh WHERE ten_tinhthanh = 'Quảng Nam' LIMIT 1), 'Huyện Quế Sơn'),
( (SELECT id FROM tinhthanh WHERE ten_tinhthanh = 'Quảng Nam' LIMIT 1), 'Huyện Nam Giang'),
( (SELECT id FROM tinhthanh WHERE ten_tinhthanh = 'Quảng Nam' LIMIT 1), 'Huyện Phước Sơn'),
( (SELECT id FROM tinhthanh WHERE ten_tinhthanh = 'Quảng Nam' LIMIT 1), 'Huyện Hiệp Đức'),
( (SELECT id FROM tinhthanh WHERE ten_tinhthanh = 'Quảng Nam' LIMIT 1), 'Huyện Thăng Bình'),
( (SELECT id FROM tinhthanh WHERE ten_tinhthanh = 'Quảng Nam' LIMIT 1), 'Huyện Tiên Phước'),
( (SELECT id FROM tinhthanh WHERE ten_tinhthanh = 'Quảng Nam' LIMIT 1), 'Huyện Bắc Trà My'),
( (SELECT id FROM tinhthanh WHERE ten_tinhthanh = 'Quảng Nam' LIMIT 1), 'Huyện Nam Trà My'),
( (SELECT id FROM tinhthanh WHERE ten_tinhthanh = 'Quảng Nam' LIMIT 1), 'Huyện Núi Thành'),
( (SELECT id FROM tinhthanh WHERE ten_tinhthanh = 'Quảng Nam' LIMIT 1), 'Huyện Phú Ninh'),
( (SELECT id FROM tinhthanh WHERE ten_tinhthanh = 'Quảng Nam' LIMIT 1), 'Huyện Nông Sơn'),
( (SELECT id FROM tinhthanh WHERE ten_tinhthanh = 'Quảng Ngãi' LIMIT 1), 'Quảng Ngãi'),
( (SELECT id FROM tinhthanh WHERE ten_tinhthanh = 'Quảng Ngãi' LIMIT 1), 'Huyện Bình Sơn'),
( (SELECT id FROM tinhthanh WHERE ten_tinhthanh = 'Quảng Ngãi' LIMIT 1), 'Huyện Trà Bồng'),
( (SELECT id FROM tinhthanh WHERE ten_tinhthanh = 'Quảng Ngãi' LIMIT 1), 'Huyện Sơn Tịnh'),
( (SELECT id FROM tinhthanh WHERE ten_tinhthanh = 'Quảng Ngãi' LIMIT 1), 'Huyện Tư Nghĩa'),
( (SELECT id FROM tinhthanh WHERE ten_tinhthanh = 'Quảng Ngãi' LIMIT 1), 'Huyện Sơn Hà'),
( (SELECT id FROM tinhthanh WHERE ten_tinhthanh = 'Quảng Ngãi' LIMIT 1), 'Huyện Sơn Tây'),
( (SELECT id FROM tinhthanh WHERE ten_tinhthanh = 'Quảng Ngãi' LIMIT 1), 'Huyện Minh Long'),
( (SELECT id FROM tinhthanh WHERE ten_tinhthanh = 'Quảng Ngãi' LIMIT 1), 'Huyện Nghĩa Hành'),
( (SELECT id FROM tinhthanh WHERE ten_tinhthanh = 'Quảng Ngãi' LIMIT 1), 'Huyện Mộ Đức'),
( (SELECT id FROM tinhthanh WHERE ten_tinhthanh = 'Quảng Ngãi' LIMIT 1), 'Thị xã Đức Phổ'),
( (SELECT id FROM tinhthanh WHERE ten_tinhthanh = 'Quảng Ngãi' LIMIT 1), 'Huyện Ba Tơ'),
( (SELECT id FROM tinhthanh WHERE ten_tinhthanh = 'Quảng Ngãi' LIMIT 1), 'Huyện Lý Sơn'),
( (SELECT id FROM tinhthanh WHERE ten_tinhthanh = 'Bình Định' LIMIT 1), 'Quy Nhơn'),
( (SELECT id FROM tinhthanh WHERE ten_tinhthanh = 'Bình Định' LIMIT 1), 'Huyện An Lão'),
( (SELECT id FROM tinhthanh WHERE ten_tinhthanh = 'Bình Định' LIMIT 1), 'Thị xã Hoài Nhơn'),
( (SELECT id FROM tinhthanh WHERE ten_tinhthanh = 'Bình Định' LIMIT 1), 'Huyện Hoài Ân'),
( (SELECT id FROM tinhthanh WHERE ten_tinhthanh = 'Bình Định' LIMIT 1), 'Huyện Phù Mỹ'),
( (SELECT id FROM tinhthanh WHERE ten_tinhthanh = 'Bình Định' LIMIT 1), 'Huyện Vĩnh Thạnh'),
( (SELECT id FROM tinhthanh WHERE ten_tinhthanh = 'Bình Định' LIMIT 1), 'Huyện Tây Sơn'),
( (SELECT id FROM tinhthanh WHERE ten_tinhthanh = 'Bình Định' LIMIT 1), 'Huyện Phù Cát'),
( (SELECT id FROM tinhthanh WHERE ten_tinhthanh = 'Bình Định' LIMIT 1), 'Thị xã An Nhơn'),
( (SELECT id FROM tinhthanh WHERE ten_tinhthanh = 'Bình Định' LIMIT 1), 'Huyện Tuy Phước'),
( (SELECT id FROM tinhthanh WHERE ten_tinhthanh = 'Bình Định' LIMIT 1), 'Huyện Vân Canh'),
( (SELECT id FROM tinhthanh WHERE ten_tinhthanh = 'Phú Yên' LIMIT 1), 'Tuy Hoà'),
( (SELECT id FROM tinhthanh WHERE ten_tinhthanh = 'Phú Yên' LIMIT 1), 'Thị xã Sông Cầu'),
( (SELECT id FROM tinhthanh WHERE ten_tinhthanh = 'Phú Yên' LIMIT 1), 'Huyện Đồng Xuân'),
( (SELECT id FROM tinhthanh WHERE ten_tinhthanh = 'Phú Yên' LIMIT 1), 'Huyện Tuy An'),
( (SELECT id FROM tinhthanh WHERE ten_tinhthanh = 'Phú Yên' LIMIT 1), 'Huyện Sơn Hòa'),
( (SELECT id FROM tinhthanh WHERE ten_tinhthanh = 'Phú Yên' LIMIT 1), 'Huyện Sông Hinh'),
( (SELECT id FROM tinhthanh WHERE ten_tinhthanh = 'Phú Yên' LIMIT 1), 'Huyện Tây Hoà'),
( (SELECT id FROM tinhthanh WHERE ten_tinhthanh = 'Phú Yên' LIMIT 1), 'Huyện Phú Hoà'),
( (SELECT id FROM tinhthanh WHERE ten_tinhthanh = 'Phú Yên' LIMIT 1), 'Thị xã Đông Hòa'),
( (SELECT id FROM tinhthanh WHERE ten_tinhthanh = 'Khánh Hòa' LIMIT 1), 'Nha Trang'),
( (SELECT id FROM tinhthanh WHERE ten_tinhthanh = 'Khánh Hòa' LIMIT 1), 'Cam Ranh'),
( (SELECT id FROM tinhthanh WHERE ten_tinhthanh = 'Khánh Hòa' LIMIT 1), 'Huyện Cam Lâm'),
( (SELECT id FROM tinhthanh WHERE ten_tinhthanh = 'Khánh Hòa' LIMIT 1), 'Huyện Vạn Ninh'),
( (SELECT id FROM tinhthanh WHERE ten_tinhthanh = 'Khánh Hòa' LIMIT 1), 'Thị xã Ninh Hòa'),
( (SELECT id FROM tinhthanh WHERE ten_tinhthanh = 'Khánh Hòa' LIMIT 1), 'Huyện Khánh Vĩnh'),
( (SELECT id FROM tinhthanh WHERE ten_tinhthanh = 'Khánh Hòa' LIMIT 1), 'Huyện Diên Khánh'),
( (SELECT id FROM tinhthanh WHERE ten_tinhthanh = 'Khánh Hòa' LIMIT 1), 'Huyện Khánh Sơn'),
( (SELECT id FROM tinhthanh WHERE ten_tinhthanh = 'Khánh Hòa' LIMIT 1), 'Huyện Trường Sa'),
( (SELECT id FROM tinhthanh WHERE ten_tinhthanh = 'Ninh Thuận' LIMIT 1), 'Phan Rang-Tháp Chàm'),
( (SELECT id FROM tinhthanh WHERE ten_tinhthanh = 'Ninh Thuận' LIMIT 1), 'Huyện Bác Ái'),
( (SELECT id FROM tinhthanh WHERE ten_tinhthanh = 'Ninh Thuận' LIMIT 1), 'Huyện Ninh Sơn'),
( (SELECT id FROM tinhthanh WHERE ten_tinhthanh = 'Ninh Thuận' LIMIT 1), 'Huyện Ninh Hải'),
( (SELECT id FROM tinhthanh WHERE ten_tinhthanh = 'Ninh Thuận' LIMIT 1), 'Huyện Ninh Phước'),
( (SELECT id FROM tinhthanh WHERE ten_tinhthanh = 'Ninh Thuận' LIMIT 1), 'Huyện Thuận Bắc'),
( (SELECT id FROM tinhthanh WHERE ten_tinhthanh = 'Ninh Thuận' LIMIT 1), 'Huyện Thuận Nam'),
( (SELECT id FROM tinhthanh WHERE ten_tinhthanh = 'Bình Thuận' LIMIT 1), 'Phan Thiết'),
( (SELECT id FROM tinhthanh WHERE ten_tinhthanh = 'Bình Thuận' LIMIT 1), 'Thị xã La Gi'),
( (SELECT id FROM tinhthanh WHERE ten_tinhthanh = 'Bình Thuận' LIMIT 1), 'Huyện Tuy Phong'),
( (SELECT id FROM tinhthanh WHERE ten_tinhthanh = 'Bình Thuận' LIMIT 1), 'Huyện Bắc Bình'),
( (SELECT id FROM tinhthanh WHERE ten_tinhthanh = 'Bình Thuận' LIMIT 1), 'Huyện Hàm Thuận Bắc'),
( (SELECT id FROM tinhthanh WHERE ten_tinhthanh = 'Bình Thuận' LIMIT 1), 'Huyện Hàm Thuận Nam'),
( (SELECT id FROM tinhthanh WHERE ten_tinhthanh = 'Bình Thuận' LIMIT 1), 'Huyện Tánh Linh'),
( (SELECT id FROM tinhthanh WHERE ten_tinhthanh = 'Bình Thuận' LIMIT 1), 'Huyện Đức Linh'),
( (SELECT id FROM tinhthanh WHERE ten_tinhthanh = 'Bình Thuận' LIMIT 1), 'Huyện Hàm Tân'),
( (SELECT id FROM tinhthanh WHERE ten_tinhthanh = 'Bình Thuận' LIMIT 1), 'Huyện Phú Quí'),
( (SELECT id FROM tinhthanh WHERE ten_tinhthanh = 'Kon Tum' LIMIT 1), 'Kon Tum'),
( (SELECT id FROM tinhthanh WHERE ten_tinhthanh = 'Kon Tum' LIMIT 1), 'Huyện Đắk Glei'),
( (SELECT id FROM tinhthanh WHERE ten_tinhthanh = 'Kon Tum' LIMIT 1), 'Huyện Ngọc Hồi'),
( (SELECT id FROM tinhthanh WHERE ten_tinhthanh = 'Kon Tum' LIMIT 1), 'Huyện Đắk Tô'),
( (SELECT id FROM tinhthanh WHERE ten_tinhthanh = 'Kon Tum' LIMIT 1), 'Huyện Kon Plông'),
( (SELECT id FROM tinhthanh WHERE ten_tinhthanh = 'Kon Tum' LIMIT 1), 'Huyện Kon Rẫy'),
( (SELECT id FROM tinhthanh WHERE ten_tinhthanh = 'Kon Tum' LIMIT 1), 'Huyện Đắk Hà'),
( (SELECT id FROM tinhthanh WHERE ten_tinhthanh = 'Kon Tum' LIMIT 1), 'Huyện Sa Thầy'),
( (SELECT id FROM tinhthanh WHERE ten_tinhthanh = 'Kon Tum' LIMIT 1), 'Huyện Tu Mơ Rông'),
( (SELECT id FROM tinhthanh WHERE ten_tinhthanh = 'Kon Tum' LIMIT 1), 'Huyện Ia H'' Drai'),
( (SELECT id FROM tinhthanh WHERE ten_tinhthanh = 'Gia Lai' LIMIT 1), 'Pleiku'),
( (SELECT id FROM tinhthanh WHERE ten_tinhthanh = 'Gia Lai' LIMIT 1), 'Thị xã An Khê'),
( (SELECT id FROM tinhthanh WHERE ten_tinhthanh = 'Gia Lai' LIMIT 1), 'Thị xã Ayun Pa'),
( (SELECT id FROM tinhthanh WHERE ten_tinhthanh = 'Gia Lai' LIMIT 1), 'Huyện KBang'),
( (SELECT id FROM tinhthanh WHERE ten_tinhthanh = 'Gia Lai' LIMIT 1), 'Huyện Đăk Đoa'),
( (SELECT id FROM tinhthanh WHERE ten_tinhthanh = 'Gia Lai' LIMIT 1), 'Huyện Chư Păh'),
( (SELECT id FROM tinhthanh WHERE ten_tinhthanh = 'Gia Lai' LIMIT 1), 'Huyện Ia Grai'),
( (SELECT id FROM tinhthanh WHERE ten_tinhthanh = 'Gia Lai' LIMIT 1), 'Huyện Mang Yang'),
( (SELECT id FROM tinhthanh WHERE ten_tinhthanh = 'Gia Lai' LIMIT 1), 'Huyện Kông Chro'),
( (SELECT id FROM tinhthanh WHERE ten_tinhthanh = 'Gia Lai' LIMIT 1), 'Huyện Đức Cơ'),
( (SELECT id FROM tinhthanh WHERE ten_tinhthanh = 'Gia Lai' LIMIT 1), 'Huyện Chư Prông'),
( (SELECT id FROM tinhthanh WHERE ten_tinhthanh = 'Gia Lai' LIMIT 1), 'Huyện Chư Sê'),
( (SELECT id FROM tinhthanh WHERE ten_tinhthanh = 'Gia Lai' LIMIT 1), 'Huyện Đăk Pơ'),
( (SELECT id FROM tinhthanh WHERE ten_tinhthanh = 'Gia Lai' LIMIT 1), 'Huyện Ia Pa'),
( (SELECT id FROM tinhthanh WHERE ten_tinhthanh = 'Gia Lai' LIMIT 1), 'Huyện Krông Pa'),
( (SELECT id FROM tinhthanh WHERE ten_tinhthanh = 'Gia Lai' LIMIT 1), 'Huyện Phú Thiện'),
( (SELECT id FROM tinhthanh WHERE ten_tinhthanh = 'Gia Lai' LIMIT 1), 'Huyện Chư Pưh'),
( (SELECT id FROM tinhthanh WHERE ten_tinhthanh = 'Đắk Lắk' LIMIT 1), 'Buôn Ma Thuột'),
( (SELECT id FROM tinhthanh WHERE ten_tinhthanh = 'Đắk Lắk' LIMIT 1), 'Thị Xã Buôn Hồ'),
( (SELECT id FROM tinhthanh WHERE ten_tinhthanh = 'Đắk Lắk' LIMIT 1), 'Huyện Ea H''leo'),
( (SELECT id FROM tinhthanh WHERE ten_tinhthanh = 'Đắk Lắk' LIMIT 1), 'Huyện Ea Súp'),
( (SELECT id FROM tinhthanh WHERE ten_tinhthanh = 'Đắk Lắk' LIMIT 1), 'Huyện Buôn Đôn'),
( (SELECT id FROM tinhthanh WHERE ten_tinhthanh = 'Đắk Lắk' LIMIT 1), 'Huyện Cư M''gar'),
( (SELECT id FROM tinhthanh WHERE ten_tinhthanh = 'Đắk Lắk' LIMIT 1), 'Huyện Krông Búk'),
( (SELECT id FROM tinhthanh WHERE ten_tinhthanh = 'Đắk Lắk' LIMIT 1), 'Huyện Krông Năng'),
( (SELECT id FROM tinhthanh WHERE ten_tinhthanh = 'Đắk Lắk' LIMIT 1), 'Huyện Ea Kar'),
( (SELECT id FROM tinhthanh WHERE ten_tinhthanh = 'Đắk Lắk' LIMIT 1), 'Huyện M''Đrắk'),
( (SELECT id FROM tinhthanh WHERE ten_tinhthanh = 'Đắk Lắk' LIMIT 1), 'Huyện Krông Bông'),
( (SELECT id FROM tinhthanh WHERE ten_tinhthanh = 'Đắk Lắk' LIMIT 1), 'Huyện Krông Pắc'),
( (SELECT id FROM tinhthanh WHERE ten_tinhthanh = 'Đắk Lắk' LIMIT 1), 'Huyện Krông A Na'),
( (SELECT id FROM tinhthanh WHERE ten_tinhthanh = 'Đắk Lắk' LIMIT 1), 'Huyện Lắk'),
( (SELECT id FROM tinhthanh WHERE ten_tinhthanh = 'Đắk Lắk' LIMIT 1), 'Huyện Cư Kuin'),
( (SELECT id FROM tinhthanh WHERE ten_tinhthanh = 'Đắk Nông' LIMIT 1), 'Gia Nghĩa'),
( (SELECT id FROM tinhthanh WHERE ten_tinhthanh = 'Đắk Nông' LIMIT 1), 'Huyện Đăk Glong'),
( (SELECT id FROM tinhthanh WHERE ten_tinhthanh = 'Đắk Nông' LIMIT 1), 'Huyện Cư Jút'),
( (SELECT id FROM tinhthanh WHERE ten_tinhthanh = 'Đắk Nông' LIMIT 1), 'Huyện Đắk Mil'),
( (SELECT id FROM tinhthanh WHERE ten_tinhthanh = 'Đắk Nông' LIMIT 1), 'Huyện Krông Nô'),
( (SELECT id FROM tinhthanh WHERE ten_tinhthanh = 'Đắk Nông' LIMIT 1), 'Huyện Đắk Song'),
( (SELECT id FROM tinhthanh WHERE ten_tinhthanh = 'Đắk Nông' LIMIT 1), 'Huyện Đắk R''Lấp'),
( (SELECT id FROM tinhthanh WHERE ten_tinhthanh = 'Đắk Nông' LIMIT 1), 'Huyện Tuy Đức'),
( (SELECT id FROM tinhthanh WHERE ten_tinhthanh = 'Lâm Đồng' LIMIT 1), 'Đà Lạt'),
( (SELECT id FROM tinhthanh WHERE ten_tinhthanh = 'Lâm Đồng' LIMIT 1), 'Bảo Lộc'),
( (SELECT id FROM tinhthanh WHERE ten_tinhthanh = 'Lâm Đồng' LIMIT 1), 'Huyện Đam Rông'),
( (SELECT id FROM tinhthanh WHERE ten_tinhthanh = 'Lâm Đồng' LIMIT 1), 'Huyện Lạc Dương'),
( (SELECT id FROM tinhthanh WHERE ten_tinhthanh = 'Lâm Đồng' LIMIT 1), 'Huyện Lâm Hà'),
( (SELECT id FROM tinhthanh WHERE ten_tinhthanh = 'Lâm Đồng' LIMIT 1), 'Huyện Đơn Dương'),
( (SELECT id FROM tinhthanh WHERE ten_tinhthanh = 'Lâm Đồng' LIMIT 1), 'Huyện Đức Trọng'),
( (SELECT id FROM tinhthanh WHERE ten_tinhthanh = 'Lâm Đồng' LIMIT 1), 'Huyện Di Linh'),
( (SELECT id FROM tinhthanh WHERE ten_tinhthanh = 'Lâm Đồng' LIMIT 1), 'Huyện Bảo Lâm'),
( (SELECT id FROM tinhthanh WHERE ten_tinhthanh = 'Lâm Đồng' LIMIT 1), 'Huyện Đạ Huoai'),
( (SELECT id FROM tinhthanh WHERE ten_tinhthanh = 'Lâm Đồng' LIMIT 1), 'Huyện Đạ Tẻh'),
( (SELECT id FROM tinhthanh WHERE ten_tinhthanh = 'Lâm Đồng' LIMIT 1), 'Huyện Cát Tiên'),
( (SELECT id FROM tinhthanh WHERE ten_tinhthanh = 'Bình Phước' LIMIT 1), 'Thị xã Phước Long'),
( (SELECT id FROM tinhthanh WHERE ten_tinhthanh = 'Bình Phước' LIMIT 1), 'Đồng Xoài'),
( (SELECT id FROM tinhthanh WHERE ten_tinhthanh = 'Bình Phước' LIMIT 1), 'Thị xã Bình Long'),
( (SELECT id FROM tinhthanh WHERE ten_tinhthanh = 'Bình Phước' LIMIT 1), 'Huyện Bù Gia Mập'),
( (SELECT id FROM tinhthanh WHERE ten_tinhthanh = 'Bình Phước' LIMIT 1), 'Huyện Lộc Ninh'),
( (SELECT id FROM tinhthanh WHERE ten_tinhthanh = 'Bình Phước' LIMIT 1), 'Huyện Bù Đốp'),
( (SELECT id FROM tinhthanh WHERE ten_tinhthanh = 'Bình Phước' LIMIT 1), 'Huyện Hớn Quản'),
( (SELECT id FROM tinhthanh WHERE ten_tinhthanh = 'Bình Phước' LIMIT 1), 'Huyện Đồng Phú'),
( (SELECT id FROM tinhthanh WHERE ten_tinhthanh = 'Bình Phước' LIMIT 1), 'Huyện Bù Đăng'),
( (SELECT id FROM tinhthanh WHERE ten_tinhthanh = 'Bình Phước' LIMIT 1), 'Huyện Chơn Thành'),
( (SELECT id FROM tinhthanh WHERE ten_tinhthanh = 'Bình Phước' LIMIT 1), 'Huyện Phú Riềng'),
( (SELECT id FROM tinhthanh WHERE ten_tinhthanh = 'Tây Ninh' LIMIT 1), 'Tây Ninh'),
( (SELECT id FROM tinhthanh WHERE ten_tinhthanh = 'Tây Ninh' LIMIT 1), 'Huyện Tân Biên'),
( (SELECT id FROM tinhthanh WHERE ten_tinhthanh = 'Tây Ninh' LIMIT 1), 'Huyện Tân Châu'),
( (SELECT id FROM tinhthanh WHERE ten_tinhthanh = 'Tây Ninh' LIMIT 1), 'Huyện Dương Minh Châu'),
( (SELECT id FROM tinhthanh WHERE ten_tinhthanh = 'Tây Ninh' LIMIT 1), 'Huyện Châu Thành'),
( (SELECT id FROM tinhthanh WHERE ten_tinhthanh = 'Tây Ninh' LIMIT 1), 'Thị xã Hòa Thành'),
( (SELECT id FROM tinhthanh WHERE ten_tinhthanh = 'Tây Ninh' LIMIT 1), 'Huyện Gò Dầu'),
( (SELECT id FROM tinhthanh WHERE ten_tinhthanh = 'Tây Ninh' LIMIT 1), 'Huyện Bến Cầu'),
( (SELECT id FROM tinhthanh WHERE ten_tinhthanh = 'Tây Ninh' LIMIT 1), 'Thị xã Trảng Bàng'),
( (SELECT id FROM tinhthanh WHERE ten_tinhthanh = 'Bình Dương' LIMIT 1), 'Thủ Dầu Một'),
( (SELECT id FROM tinhthanh WHERE ten_tinhthanh = 'Bình Dương' LIMIT 1), 'Huyện Bàu Bàng'),
( (SELECT id FROM tinhthanh WHERE ten_tinhthanh = 'Bình Dương' LIMIT 1), 'Huyện Dầu Tiếng'),
( (SELECT id FROM tinhthanh WHERE ten_tinhthanh = 'Bình Dương' LIMIT 1), 'Thị xã Bến Cát'),
( (SELECT id FROM tinhthanh WHERE ten_tinhthanh = 'Bình Dương' LIMIT 1), 'Huyện Phú Giáo'),
( (SELECT id FROM tinhthanh WHERE ten_tinhthanh = 'Bình Dương' LIMIT 1), 'Thị xã Tân Uyên'),
( (SELECT id FROM tinhthanh WHERE ten_tinhthanh = 'Bình Dương' LIMIT 1), 'Dĩ An'),
( (SELECT id FROM tinhthanh WHERE ten_tinhthanh = 'Bình Dương' LIMIT 1), 'Thuận An'),
( (SELECT id FROM tinhthanh WHERE ten_tinhthanh = 'Bình Dương' LIMIT 1), 'Huyện Bắc Tân Uyên'),
( (SELECT id FROM tinhthanh WHERE ten_tinhthanh = 'Đồng Nai' LIMIT 1), 'Biên Hòa'),
( (SELECT id FROM tinhthanh WHERE ten_tinhthanh = 'Đồng Nai' LIMIT 1), 'Long Khánh'),
( (SELECT id FROM tinhthanh WHERE ten_tinhthanh = 'Đồng Nai' LIMIT 1), 'Huyện Tân Phú'),
( (SELECT id FROM tinhthanh WHERE ten_tinhthanh = 'Đồng Nai' LIMIT 1), 'Huyện Vĩnh Cửu'),
( (SELECT id FROM tinhthanh WHERE ten_tinhthanh = 'Đồng Nai' LIMIT 1), 'Huyện Định Quán'),
( (SELECT id FROM tinhthanh WHERE ten_tinhthanh = 'Đồng Nai' LIMIT 1), 'Huyện Trảng Bom'),
( (SELECT id FROM tinhthanh WHERE ten_tinhthanh = 'Đồng Nai' LIMIT 1), 'Huyện Thống Nhất'),
( (SELECT id FROM tinhthanh WHERE ten_tinhthanh = 'Đồng Nai' LIMIT 1), 'Huyện Cẩm Mỹ'),
( (SELECT id FROM tinhthanh WHERE ten_tinhthanh = 'Đồng Nai' LIMIT 1), 'Huyện Long Thành'),
( (SELECT id FROM tinhthanh WHERE ten_tinhthanh = 'Đồng Nai' LIMIT 1), 'Huyện Xuân Lộc'),
( (SELECT id FROM tinhthanh WHERE ten_tinhthanh = 'Đồng Nai' LIMIT 1), 'Huyện Nhơn Trạch'),
( (SELECT id FROM tinhthanh WHERE ten_tinhthanh = 'Bà Rịa - Vũng Tàu' LIMIT 1), 'Vũng Tàu'),
( (SELECT id FROM tinhthanh WHERE ten_tinhthanh = 'Bà Rịa - Vũng Tàu' LIMIT 1), 'Bà Rịa'),
( (SELECT id FROM tinhthanh WHERE ten_tinhthanh = 'Bà Rịa - Vũng Tàu' LIMIT 1), 'Huyện Châu Đức'),
( (SELECT id FROM tinhthanh WHERE ten_tinhthanh = 'Bà Rịa - Vũng Tàu' LIMIT 1), 'Huyện Xuyên Mộc'),
( (SELECT id FROM tinhthanh WHERE ten_tinhthanh = 'Bà Rịa - Vũng Tàu' LIMIT 1), 'Huyện Long Điền'),
( (SELECT id FROM tinhthanh WHERE ten_tinhthanh = 'Bà Rịa - Vũng Tàu' LIMIT 1), 'Huyện Đất Đỏ'),
( (SELECT id FROM tinhthanh WHERE ten_tinhthanh = 'Bà Rịa - Vũng Tàu' LIMIT 1), 'Thị xã Phú Mỹ'),
( (SELECT id FROM tinhthanh WHERE ten_tinhthanh = 'Bà Rịa - Vũng Tàu' LIMIT 1), 'Huyện Côn Đảo'),
( (SELECT id FROM tinhthanh WHERE ten_tinhthanh = 'Thành phố Hồ Chí Minh' LIMIT 1), 'Quận 1'),
( (SELECT id FROM tinhthanh WHERE ten_tinhthanh = 'Thành phố Hồ Chí Minh' LIMIT 1), 'Quận 12'),
( (SELECT id FROM tinhthanh WHERE ten_tinhthanh = 'Thành phố Hồ Chí Minh' LIMIT 1), 'Quận Thủ Đức'),
( (SELECT id FROM tinhthanh WHERE ten_tinhthanh = 'Thành phố Hồ Chí Minh' LIMIT 1), 'Quận 9'),
( (SELECT id FROM tinhthanh WHERE ten_tinhthanh = 'Thành phố Hồ Chí Minh' LIMIT 1), 'Quận Gò Vấp'),
( (SELECT id FROM tinhthanh WHERE ten_tinhthanh = 'Thành phố Hồ Chí Minh' LIMIT 1), 'Quận Bình Thạnh'),
( (SELECT id FROM tinhthanh WHERE ten_tinhthanh = 'Thành phố Hồ Chí Minh' LIMIT 1), 'Quận Tân Bình'),
( (SELECT id FROM tinhthanh WHERE ten_tinhthanh = 'Thành phố Hồ Chí Minh' LIMIT 1), 'Quận Tân Phú'),
( (SELECT id FROM tinhthanh WHERE ten_tinhthanh = 'Thành phố Hồ Chí Minh' LIMIT 1), 'Quận Phú Nhuận'),
( (SELECT id FROM tinhthanh WHERE ten_tinhthanh = 'Thành phố Hồ Chí Minh' LIMIT 1), 'Quận 2'),
( (SELECT id FROM tinhthanh WHERE ten_tinhthanh = 'Thành phố Hồ Chí Minh' LIMIT 1), 'Quận 3'),
( (SELECT id FROM tinhthanh WHERE ten_tinhthanh = 'Thành phố Hồ Chí Minh' LIMIT 1), 'Quận 10'),
( (SELECT id FROM tinhthanh WHERE ten_tinhthanh = 'Thành phố Hồ Chí Minh' LIMIT 1), 'Quận 11'),
( (SELECT id FROM tinhthanh WHERE ten_tinhthanh = 'Thành phố Hồ Chí Minh' LIMIT 1), 'Quận 4'),
( (SELECT id FROM tinhthanh WHERE ten_tinhthanh = 'Thành phố Hồ Chí Minh' LIMIT 1), 'Quận 5'),
( (SELECT id FROM tinhthanh WHERE ten_tinhthanh = 'Thành phố Hồ Chí Minh' LIMIT 1), 'Quận 6'),
( (SELECT id FROM tinhthanh WHERE ten_tinhthanh = 'Thành phố Hồ Chí Minh' LIMIT 1), 'Quận 8'),
( (SELECT id FROM tinhthanh WHERE ten_tinhthanh = 'Thành phố Hồ Chí Minh' LIMIT 1), 'Quận Bình Tân'),
( (SELECT id FROM tinhthanh WHERE ten_tinhthanh = 'Thành phố Hồ Chí Minh' LIMIT 1), 'Quận 7'),
( (SELECT id FROM tinhthanh WHERE ten_tinhthanh = 'Thành phố Hồ Chí Minh' LIMIT 1), 'Huyện Củ Chi'),
( (SELECT id FROM tinhthanh WHERE ten_tinhthanh = 'Thành phố Hồ Chí Minh' LIMIT 1), 'Huyện Hóc Môn'),
( (SELECT id FROM tinhthanh WHERE ten_tinhthanh = 'Thành phố Hồ Chí Minh' LIMIT 1), 'Huyện Bình Chánh'),
( (SELECT id FROM tinhthanh WHERE ten_tinhthanh = 'Thành phố Hồ Chí Minh' LIMIT 1), 'Huyện Nhà Bè'),
( (SELECT id FROM tinhthanh WHERE ten_tinhthanh = 'Thành phố Hồ Chí Minh' LIMIT 1), 'Huyện Cần Giờ'),
( (SELECT id FROM tinhthanh WHERE ten_tinhthanh = 'Long An' LIMIT 1), 'Tân An'),
( (SELECT id FROM tinhthanh WHERE ten_tinhthanh = 'Long An' LIMIT 1), 'Thị xã Kiến Tường'),
( (SELECT id FROM tinhthanh WHERE ten_tinhthanh = 'Long An' LIMIT 1), 'Huyện Tân Hưng'),
( (SELECT id FROM tinhthanh WHERE ten_tinhthanh = 'Long An' LIMIT 1), 'Huyện Vĩnh Hưng'),
( (SELECT id FROM tinhthanh WHERE ten_tinhthanh = 'Long An' LIMIT 1), 'Huyện Mộc Hóa'),
( (SELECT id FROM tinhthanh WHERE ten_tinhthanh = 'Long An' LIMIT 1), 'Huyện Tân Thạnh'),
( (SELECT id FROM tinhthanh WHERE ten_tinhthanh = 'Long An' LIMIT 1), 'Huyện Thạnh Hóa'),
( (SELECT id FROM tinhthanh WHERE ten_tinhthanh = 'Long An' LIMIT 1), 'Huyện Đức Huệ'),
( (SELECT id FROM tinhthanh WHERE ten_tinhthanh = 'Long An' LIMIT 1), 'Huyện Đức Hòa'),
( (SELECT id FROM tinhthanh WHERE ten_tinhthanh = 'Long An' LIMIT 1), 'Huyện Bến Lức'),
( (SELECT id FROM tinhthanh WHERE ten_tinhthanh = 'Long An' LIMIT 1), 'Huyện Thủ Thừa'),
( (SELECT id FROM tinhthanh WHERE ten_tinhthanh = 'Long An' LIMIT 1), 'Huyện Tân Trụ'),
( (SELECT id FROM tinhthanh WHERE ten_tinhthanh = 'Long An' LIMIT 1), 'Huyện Cần Đước'),
( (SELECT id FROM tinhthanh WHERE ten_tinhthanh = 'Long An' LIMIT 1), 'Huyện Cần Giuộc'),
( (SELECT id FROM tinhthanh WHERE ten_tinhthanh = 'Long An' LIMIT 1), 'Huyện Châu Thành'),
( (SELECT id FROM tinhthanh WHERE ten_tinhthanh = 'Tiền Giang' LIMIT 1), 'Mỹ Tho'),
( (SELECT id FROM tinhthanh WHERE ten_tinhthanh = 'Tiền Giang' LIMIT 1), 'Thị xã Gò Công'),
( (SELECT id FROM tinhthanh WHERE ten_tinhthanh = 'Tiền Giang' LIMIT 1), 'Thị xã Cai Lậy'),
( (SELECT id FROM tinhthanh WHERE ten_tinhthanh = 'Tiền Giang' LIMIT 1), 'Huyện Tân Phước'),
( (SELECT id FROM tinhthanh WHERE ten_tinhthanh = 'Tiền Giang' LIMIT 1), 'Huyện Cái Bè'),
( (SELECT id FROM tinhthanh WHERE ten_tinhthanh = 'Tiền Giang' LIMIT 1), 'Huyện Cai Lậy'),
( (SELECT id FROM tinhthanh WHERE ten_tinhthanh = 'Tiền Giang' LIMIT 1), 'Huyện Châu Thành'),
( (SELECT id FROM tinhthanh WHERE ten_tinhthanh = 'Tiền Giang' LIMIT 1), 'Huyện Chợ Gạo'),
( (SELECT id FROM tinhthanh WHERE ten_tinhthanh = 'Tiền Giang' LIMIT 1), 'Huyện Gò Công Tây'),
( (SELECT id FROM tinhthanh WHERE ten_tinhthanh = 'Tiền Giang' LIMIT 1), 'Huyện Gò Công Đông'),
( (SELECT id FROM tinhthanh WHERE ten_tinhthanh = 'Tiền Giang' LIMIT 1), 'Huyện Tân Phú Đông'),
( (SELECT id FROM tinhthanh WHERE ten_tinhthanh = 'Bến Tre' LIMIT 1), 'Bến Tre'),
( (SELECT id FROM tinhthanh WHERE ten_tinhthanh = 'Bến Tre' LIMIT 1), 'Huyện Châu Thành'),
( (SELECT id FROM tinhthanh WHERE ten_tinhthanh = 'Bến Tre' LIMIT 1), 'Huyện Chợ Lách'),
( (SELECT id FROM tinhthanh WHERE ten_tinhthanh = 'Bến Tre' LIMIT 1), 'Huyện Mỏ Cày Nam'),
( (SELECT id FROM tinhthanh WHERE ten_tinhthanh = 'Bến Tre' LIMIT 1), 'Huyện Giồng Trôm'),
( (SELECT id FROM tinhthanh WHERE ten_tinhthanh = 'Bến Tre' LIMIT 1), 'Huyện Bình Đại'),
( (SELECT id FROM tinhthanh WHERE ten_tinhthanh = 'Bến Tre' LIMIT 1), 'Huyện Ba Tri'),
( (SELECT id FROM tinhthanh WHERE ten_tinhthanh = 'Bến Tre' LIMIT 1), 'Huyện Thạnh Phú'),
( (SELECT id FROM tinhthanh WHERE ten_tinhthanh = 'Bến Tre' LIMIT 1), 'Huyện Mỏ Cày Bắc'),
( (SELECT id FROM tinhthanh WHERE ten_tinhthanh = 'Trà Vinh' LIMIT 1), 'Trà Vinh'),
( (SELECT id FROM tinhthanh WHERE ten_tinhthanh = 'Trà Vinh' LIMIT 1), 'Huyện Càng Long'),
( (SELECT id FROM tinhthanh WHERE ten_tinhthanh = 'Trà Vinh' LIMIT 1), 'Huyện Cầu Kè'),
( (SELECT id FROM tinhthanh WHERE ten_tinhthanh = 'Trà Vinh' LIMIT 1), 'Huyện Tiểu Cần'),
( (SELECT id FROM tinhthanh WHERE ten_tinhthanh = 'Trà Vinh' LIMIT 1), 'Huyện Châu Thành'),
( (SELECT id FROM tinhthanh WHERE ten_tinhthanh = 'Trà Vinh' LIMIT 1), 'Huyện Cầu Ngang'),
( (SELECT id FROM tinhthanh WHERE ten_tinhthanh = 'Trà Vinh' LIMIT 1), 'Huyện Trà Cú'),
( (SELECT id FROM tinhthanh WHERE ten_tinhthanh = 'Trà Vinh' LIMIT 1), 'Huyện Duyên Hải'),
( (SELECT id FROM tinhthanh WHERE ten_tinhthanh = 'Trà Vinh' LIMIT 1), 'Thị xã Duyên Hải'),
( (SELECT id FROM tinhthanh WHERE ten_tinhthanh = 'Vĩnh Long' LIMIT 1), 'Vĩnh Long'),
( (SELECT id FROM tinhthanh WHERE ten_tinhthanh = 'Vĩnh Long' LIMIT 1), 'Huyện Long Hồ'),
( (SELECT id FROM tinhthanh WHERE ten_tinhthanh = 'Vĩnh Long' LIMIT 1), 'Huyện Mang Thít'),
( (SELECT id FROM tinhthanh WHERE ten_tinhthanh = 'Vĩnh Long' LIMIT 1), 'Huyện  Vũng Liêm'),
( (SELECT id FROM tinhthanh WHERE ten_tinhthanh = 'Vĩnh Long' LIMIT 1), 'Huyện Tam Bình'),
( (SELECT id FROM tinhthanh WHERE ten_tinhthanh = 'Vĩnh Long' LIMIT 1), 'Thị xã Bình Minh'),
( (SELECT id FROM tinhthanh WHERE ten_tinhthanh = 'Vĩnh Long' LIMIT 1), 'Huyện Trà Ôn'),
( (SELECT id FROM tinhthanh WHERE ten_tinhthanh = 'Vĩnh Long' LIMIT 1), 'Huyện Bình Tân'),
( (SELECT id FROM tinhthanh WHERE ten_tinhthanh = 'Đồng Tháp' LIMIT 1), 'Cao Lãnh'),
( (SELECT id FROM tinhthanh WHERE ten_tinhthanh = 'Đồng Tháp' LIMIT 1), 'Sa Đéc'),
( (SELECT id FROM tinhthanh WHERE ten_tinhthanh = 'Đồng Tháp' LIMIT 1), 'Hồng Ngự'),
( (SELECT id FROM tinhthanh WHERE ten_tinhthanh = 'Đồng Tháp' LIMIT 1), 'Huyện Tân Hồng'),
( (SELECT id FROM tinhthanh WHERE ten_tinhthanh = 'Đồng Tháp' LIMIT 1), 'Huyện Hồng Ngự'),
( (SELECT id FROM tinhthanh WHERE ten_tinhthanh = 'Đồng Tháp' LIMIT 1), 'Huyện Tam Nông'),
( (SELECT id FROM tinhthanh WHERE ten_tinhthanh = 'Đồng Tháp' LIMIT 1), 'Huyện Tháp Mười'),
( (SELECT id FROM tinhthanh WHERE ten_tinhthanh = 'Đồng Tháp' LIMIT 1), 'Huyện Cao Lãnh'),
( (SELECT id FROM tinhthanh WHERE ten_tinhthanh = 'Đồng Tháp' LIMIT 1), 'Huyện Thanh Bình'),
( (SELECT id FROM tinhthanh WHERE ten_tinhthanh = 'Đồng Tháp' LIMIT 1), 'Huyện Lấp Vò'),
( (SELECT id FROM tinhthanh WHERE ten_tinhthanh = 'Đồng Tháp' LIMIT 1), 'Huyện Lai Vung'),
( (SELECT id FROM tinhthanh WHERE ten_tinhthanh = 'Đồng Tháp' LIMIT 1), 'Huyện Châu Thành'),
( (SELECT id FROM tinhthanh WHERE ten_tinhthanh = 'An Giang' LIMIT 1), 'Long Xuyên'),
( (SELECT id FROM tinhthanh WHERE ten_tinhthanh = 'An Giang' LIMIT 1), 'Châu Đốc'),
( (SELECT id FROM tinhthanh WHERE ten_tinhthanh = 'An Giang' LIMIT 1), 'Huyện An Phú'),
( (SELECT id FROM tinhthanh WHERE ten_tinhthanh = 'An Giang' LIMIT 1), 'Thị xã Tân Châu'),
( (SELECT id FROM tinhthanh WHERE ten_tinhthanh = 'An Giang' LIMIT 1), 'Huyện Phú Tân'),
( (SELECT id FROM tinhthanh WHERE ten_tinhthanh = 'An Giang' LIMIT 1), 'Huyện Châu Phú'),
( (SELECT id FROM tinhthanh WHERE ten_tinhthanh = 'An Giang' LIMIT 1), 'Huyện Tịnh Biên'),
( (SELECT id FROM tinhthanh WHERE ten_tinhthanh = 'An Giang' LIMIT 1), 'Huyện Tri Tôn'),
( (SELECT id FROM tinhthanh WHERE ten_tinhthanh = 'An Giang' LIMIT 1), 'Huyện Châu Thành'),
( (SELECT id FROM tinhthanh WHERE ten_tinhthanh = 'An Giang' LIMIT 1), 'Huyện Chợ Mới'),
( (SELECT id FROM tinhthanh WHERE ten_tinhthanh = 'An Giang' LIMIT 1), 'Huyện Thoại Sơn'),
( (SELECT id FROM tinhthanh WHERE ten_tinhthanh = 'Kiên Giang' LIMIT 1), 'Rạch Giá'),
( (SELECT id FROM tinhthanh WHERE ten_tinhthanh = 'Kiên Giang' LIMIT 1), 'Hà Tiên'),
( (SELECT id FROM tinhthanh WHERE ten_tinhthanh = 'Kiên Giang' LIMIT 1), 'Huyện Kiên Lương'),
( (SELECT id FROM tinhthanh WHERE ten_tinhthanh = 'Kiên Giang' LIMIT 1), 'Huyện Hòn Đất'),
( (SELECT id FROM tinhthanh WHERE ten_tinhthanh = 'Kiên Giang' LIMIT 1), 'Huyện Tân Hiệp'),
( (SELECT id FROM tinhthanh WHERE ten_tinhthanh = 'Kiên Giang' LIMIT 1), 'Huyện Châu Thành'),
( (SELECT id FROM tinhthanh WHERE ten_tinhthanh = 'Kiên Giang' LIMIT 1), 'Huyện Giồng Riềng'),
( (SELECT id FROM tinhthanh WHERE ten_tinhthanh = 'Kiên Giang' LIMIT 1), 'Huyện Gò Quao'),
( (SELECT id FROM tinhthanh WHERE ten_tinhthanh = 'Kiên Giang' LIMIT 1), 'Huyện An Biên'),
( (SELECT id FROM tinhthanh WHERE ten_tinhthanh = 'Kiên Giang' LIMIT 1), 'Huyện An Minh'),
( (SELECT id FROM tinhthanh WHERE ten_tinhthanh = 'Kiên Giang' LIMIT 1), 'Huyện Vĩnh Thuận'),
( (SELECT id FROM tinhthanh WHERE ten_tinhthanh = 'Kiên Giang' LIMIT 1), 'Phú Quốc'),
( (SELECT id FROM tinhthanh WHERE ten_tinhthanh = 'Kiên Giang' LIMIT 1), 'Huyện Kiên Hải'),
( (SELECT id FROM tinhthanh WHERE ten_tinhthanh = 'Kiên Giang' LIMIT 1), 'Huyện U Minh Thượng'),
( (SELECT id FROM tinhthanh WHERE ten_tinhthanh = 'Kiên Giang' LIMIT 1), 'Huyện Giang Thành'),
( (SELECT id FROM tinhthanh WHERE ten_tinhthanh = 'Cần Thơ' LIMIT 1), 'Quận Ninh Kiều'),
( (SELECT id FROM tinhthanh WHERE ten_tinhthanh = 'Cần Thơ' LIMIT 1), 'Quận Ô Môn'),
( (SELECT id FROM tinhthanh WHERE ten_tinhthanh = 'Cần Thơ' LIMIT 1), 'Quận Bình Thuỷ'),
( (SELECT id FROM tinhthanh WHERE ten_tinhthanh = 'Cần Thơ' LIMIT 1), 'Quận Cái Răng'),
( (SELECT id FROM tinhthanh WHERE ten_tinhthanh = 'Cần Thơ' LIMIT 1), 'Quận Thốt Nốt'),
( (SELECT id FROM tinhthanh WHERE ten_tinhthanh = 'Cần Thơ' LIMIT 1), 'Huyện Vĩnh Thạnh'),
( (SELECT id FROM tinhthanh WHERE ten_tinhthanh = 'Cần Thơ' LIMIT 1), 'Huyện Cờ Đỏ'),
( (SELECT id FROM tinhthanh WHERE ten_tinhthanh = 'Cần Thơ' LIMIT 1), 'Huyện Phong Điền'),
( (SELECT id FROM tinhthanh WHERE ten_tinhthanh = 'Cần Thơ' LIMIT 1), 'Huyện Thới Lai'),
( (SELECT id FROM tinhthanh WHERE ten_tinhthanh = 'Hậu Giang' LIMIT 1), 'Vị Thanh'),
( (SELECT id FROM tinhthanh WHERE ten_tinhthanh = 'Hậu Giang' LIMIT 1), 'Ngã Bảy'),
( (SELECT id FROM tinhthanh WHERE ten_tinhthanh = 'Hậu Giang' LIMIT 1), 'Huyện Châu Thành A'),
( (SELECT id FROM tinhthanh WHERE ten_tinhthanh = 'Hậu Giang' LIMIT 1), 'Huyện Châu Thành'),
( (SELECT id FROM tinhthanh WHERE ten_tinhthanh = 'Hậu Giang' LIMIT 1), 'Huyện Phụng Hiệp'),
( (SELECT id FROM tinhthanh WHERE ten_tinhthanh = 'Hậu Giang' LIMIT 1), 'Huyện Vị Thuỷ'),
( (SELECT id FROM tinhthanh WHERE ten_tinhthanh = 'Hậu Giang' LIMIT 1), 'Huyện Long Mỹ'),
( (SELECT id FROM tinhthanh WHERE ten_tinhthanh = 'Hậu Giang' LIMIT 1), 'Thị xã Long Mỹ'),
( (SELECT id FROM tinhthanh WHERE ten_tinhthanh = 'Sóc Trăng' LIMIT 1), 'Sóc Trăng'),
( (SELECT id FROM tinhthanh WHERE ten_tinhthanh = 'Sóc Trăng' LIMIT 1), 'Huyện Châu Thành'),
( (SELECT id FROM tinhthanh WHERE ten_tinhthanh = 'Sóc Trăng' LIMIT 1), 'Huyện Kế Sách'),
( (SELECT id FROM tinhthanh WHERE ten_tinhthanh = 'Sóc Trăng' LIMIT 1), 'Huyện Mỹ Tú'),
( (SELECT id FROM tinhthanh WHERE ten_tinhthanh = 'Sóc Trăng' LIMIT 1), 'Huyện Cù Lao Dung'),
( (SELECT id FROM tinhthanh WHERE ten_tinhthanh = 'Sóc Trăng' LIMIT 1), 'Huyện Long Phú'),
( (SELECT id FROM tinhthanh WHERE ten_tinhthanh = 'Sóc Trăng' LIMIT 1), 'Huyện Mỹ Xuyên'),
( (SELECT id FROM tinhthanh WHERE ten_tinhthanh = 'Sóc Trăng' LIMIT 1), 'Thị xã Ngã Năm'),
( (SELECT id FROM tinhthanh WHERE ten_tinhthanh = 'Sóc Trăng' LIMIT 1), 'Huyện Thạnh Trị'),
( (SELECT id FROM tinhthanh WHERE ten_tinhthanh = 'Sóc Trăng' LIMIT 1), 'Thị xã Vĩnh Châu'),
( (SELECT id FROM tinhthanh WHERE ten_tinhthanh = 'Sóc Trăng' LIMIT 1), 'Huyện Trần Đề'),
( (SELECT id FROM tinhthanh WHERE ten_tinhthanh = 'Bạc Liêu' LIMIT 1), 'Bạc Liêu'),
( (SELECT id FROM tinhthanh WHERE ten_tinhthanh = 'Bạc Liêu' LIMIT 1), 'Huyện Hồng Dân'),
( (SELECT id FROM tinhthanh WHERE ten_tinhthanh = 'Bạc Liêu' LIMIT 1), 'Huyện Phước Long'),
( (SELECT id FROM tinhthanh WHERE ten_tinhthanh = 'Bạc Liêu' LIMIT 1), 'Huyện Vĩnh Lợi'),
( (SELECT id FROM tinhthanh WHERE ten_tinhthanh = 'Bạc Liêu' LIMIT 1), 'Thị xã Giá Rai'),
( (SELECT id FROM tinhthanh WHERE ten_tinhthanh = 'Bạc Liêu' LIMIT 1), 'Huyện Đông Hải'),
( (SELECT id FROM tinhthanh WHERE ten_tinhthanh = 'Bạc Liêu' LIMIT 1), 'Huyện Hoà Bình'),
( (SELECT id FROM tinhthanh WHERE ten_tinhthanh = 'Cà Mau' LIMIT 1), 'Cà Mau'),
( (SELECT id FROM tinhthanh WHERE ten_tinhthanh = 'Cà Mau' LIMIT 1), 'Huyện U Minh'),
( (SELECT id FROM tinhthanh WHERE ten_tinhthanh = 'Cà Mau' LIMIT 1), 'Huyện Thới Bình'),
( (SELECT id FROM tinhthanh WHERE ten_tinhthanh = 'Cà Mau' LIMIT 1), 'Huyện Trần Văn Thời'),
( (SELECT id FROM tinhthanh WHERE ten_tinhthanh = 'Cà Mau' LIMIT 1), 'Huyện Cái Nước'),
( (SELECT id FROM tinhthanh WHERE ten_tinhthanh = 'Cà Mau' LIMIT 1), 'Huyện Đầm Dơi'),
( (SELECT id FROM tinhthanh WHERE ten_tinhthanh = 'Cà Mau' LIMIT 1), 'Huyện Năm Căn'),
( (SELECT id FROM tinhthanh WHERE ten_tinhthanh = 'Cà Mau' LIMIT 1), 'Huyện Phú Tân'),
( (SELECT id FROM tinhthanh WHERE ten_tinhthanh = 'Cà Mau' LIMIT 1), 'Huyện Ngọc Hiển');

INSERT INTO thanhpho_hq (ten_thanhpho, korean_name) VALUES
('Seoul', '서울'),
('Busan', '부산'),
('Incheon', '인천'),
('Daegu', '대구'),
('Daejeon', '대전'),
('Gwangju', '광주'),
('Ulsan', '울산'),
('Suwon', '수원'),
('Changwon', '창원'),
('Seongnam', '성남'),
('Goyang', '고양'),
('Yongin', '용인'),
('Bucheon', '부천'),
('Ansan', '안산'),
('Jeonju', '전주'),
('Cheongju', '청주'),
('Pohang', '포항'),
('Uijeongbu', '의정부'),
('Jeju', '제주'),
('Chuncheon', '춘천');


INSERT INTO truong_hq (id_thanhpho, ten_truong_hq, korean_name, xep_hang) VALUES
(1, 'Seoul National University', '서울대학교', 1),  
(1, 'Korea University', '고려대학교', 2),  
(1, 'Yonsei University', '연세대학교', 2),  
(2, 'Pusan National University', '부산대학교', 2),  
(2, 'Dong-A University', '동아대학교', 3),  
(3, 'Inha University', '인하대학교', 2),  
(3, 'University of Incheon', '인천대학교', 3),  
(4, 'Kyungpook National University', '경북대학교', 2),  
(4, 'Daegu Catholic University', '대구가톨릭대학교', 3),  
(5, 'Chungnam National University', '충남대학교', 2),  
(5, 'KAIST', '한국과학기술원', 1),  
(6, 'Gwangju Institute of Science and Technology', '광주과학기술원', 1),  
(6, 'Chonnam National University', '전남대학교', 2),  
(7, 'Ulsan National Institute of Science and Technology', '울산과학기술원', 1),  
(7, 'University of Ulsan', '울산대학교', 2),  
(8, 'Sejong University', '세종대학교', 3),  
(9, 'Kyung Hee University', '경희대학교', 2),  
(9, 'Ajou University', '아주대학교', 3),  
(10, 'Gangwon National University', '강원대학교', 2),  
(11, 'Chungbuk National University', '충북대학교', 2),  
(12, 'Jeonbuk National University', '전북대학교', 2),  
(13, 'Chosun University', '조선대학교', 3),  
(14, 'Gyeongsang National University', '경상국립대학교', 2),  
(15, 'Jeju National University', '제주대학교', 2);


INSERT INTO dm_hoso (ten_dm_hoso) VALUES
('Bằng TN'),
('Học bạ'),
('Hộ chiếu'),
('Ảnh 3.5 x 4.5'),
('CT07'),
('CCCD học sinh'),
('CCCD bố'),
('CCCD mẹ');


INSERT INTO taikhoan_hs (ma_temp, id_hocsinh, username, password, id_quyen)
VALUES
('TEMP001', 'HS001', 'nguyenvana', 'hashed_password_1', 7),
('TEMP002', 'HS002', 'tranthib', 'hashed_password_2', 7),
('TEMP003', 'HS003', 'levanc', 'hashed_password_3', 7),
('TEMP004', 'HS004', 'hoangminhd', 'hashed_password_4', 7),
('TEMP005', 'HS005', 'phamthie', 'hashed_password_5', 7);


INSERT INTO hocsinh (id_hocsinh, ten_hs, dob, gioitinh, email, sdt, link_fb, grade_10, grade_11, grade_12, id_quanhuyen, diachi_chitiet, status)
VALUES
('HS001', 'Nguyễn Văn A', '2007-05-15', 'Nam', 'nguyenvana@example.com', '0987654321', 'https://facebook.com/nguyenvana', 8.5, 8.2, 9.0, 1, '123 Đường ABC, Quận 1', 'Đã duyệt'),
('HS002', 'Trần Thị B', '2006-09-20', 'Nữ', 'tranthib@example.com', '0912345678', 'https://facebook.com/tranthib', 7.8, 8.0, 8.5, 2, '456 Đường XYZ, Quận 3', 'Chờ xử lý'),
('HS003', 'Lê Văn C', '2005-12-01', 'Nam', 'levanc@example.com', '0978123456', 'https://facebook.com/levanc', 9.0, 9.2, 9.5, 3, '789 Đường DEF, Quận 5', 'Từ chối'),
('HS004', 'Hoàng Minh D', '2007-07-10', 'Nam', 'hoangminhd@example.com', '0965432109', 'https://facebook.com/hoangminhd', 6.5, 7.0, 7.5, 1, '12 Đường LMN, Quận 7', 'Chờ xử lý'),
('HS005', 'Phạm Thị E', '2006-03-25', 'Nữ', 'phamthie@example.com', '0956789012', 'https://facebook.com/phamthie', 8.0, 8.3, 8.7, 2, '99 Đường OPQ, Quận 10', 'Đã duyệt');


INSERT INTO bo_hoso (id_hocsinh, ten_bo_hoso, ngay_tao, status) VALUES
('HS001', 'Hồ sơ du học Hàn Quốc - T3', '2025-03-01 10:00:00', 'Đang chuẩn bị'),
('HS002', 'Hồ sơ du học Hàn Quốc - T6', '2025-06-01 14:30:00', 'Đã nộp'),
('HS003', 'Hồ sơ du học Hàn Quốc - T9', '2025-09-01 09:15:00', 'Đã duyệt'),
('HS004', 'Hồ sơ du học Hàn Quốc - T12', '2025-12-01 16:45:00', 'Từ chối'),
('HS005', 'Hồ sơ du học Hàn Quốc - T3', '2025-03-15 12:20:00', 'Đang chuẩn bị');


INSERT INTO ho_so (id_bo_hoso, id_dm_hoso, link, index_trang, ngay_up, ngay_sua) VALUES
(1, 1, 'data/Ho_So/BoHS1/bang/bang_hs1.jpg', 1, '2025-03-01 10:05:00', '2025-03-01 10:05:00'),
(1, 2, 'data/Ho_So/BoHS1/hoc_ba/hoc_ba_hs1_1.jpg', 1, '2025-03-01 10:10:00', '2025-03-01 10:10:00'),
(1, 2, 'data/Ho_So/BoHS1/hoc_ba/hoc_ba_hs1_2.jpg', 2, '2025-03-01 10:10:00', '2025-03-01 10:10:00'),
(1, 2, 'data/Ho_So/BoHS1/hoc_ba/hoc_ba_hs1_3.jpg', 3, '2025-03-01 10:10:00', '2025-03-01 10:10:00'),
(1, 3, 'data/Ho_So/BoHS1/ho_chieu/ho_chieu_hs1_1.jpg', 1, '2025-03-01 10:15:00', '2025-03-01 10:15:00'),
(1, 3, 'data/Ho_So/BoHS1/ho_chieu/ho_chieu_hs1_2.jpg', 2, '2025-03-01 10:15:00', '2025-03-01 10:15:00'),
(1, 4, 'data/Ho_So/BoHS1/anh_35x45/anh_35x45_hs1_1.jpg', 1, '2025-03-01 10:20:00', '2025-03-01 10:20:00'),
(1, 4, 'data/Ho_So/BoHS1/anh_35x45/anh_35x45_hs1_2.jpg', 2, '2025-03-01 10:20:00', '2025-03-01 10:20:00'),
(1, 4, 'data/Ho_So/BoHS1/anh_35x45/anh_35x45_hs1_3.jpg', 3, '2025-03-01 10:20:00', '2025-03-01 10:20:00'),
(1, 4, 'data/Ho_So/BoHS1/anh_35x45/anh_35x45_hs1_4.jpg', 4, '2025-03-01 10:20:00', '2025-03-01 10:20:00'),
(1, 4, 'data/Ho_So/BoHS1/anh_35x45/anh_35x45_hs1_5.jpg', 5, '2025-03-01 10:20:00', '2025-03-01 10:20:00'),
(1, 5, 'data/Ho_So/BoHS1/ct_07/ct_07_hs1_1.jpg', 1, '2025-03-01 10:25:00', '2025-03-01 10:25:00'),
(1, 6, 'data/Ho_So/BoHS1/cccd_hs/cccd_hs_1_mat_truoc.jpg', 1, '2025-03-01 10:30:00', '2025-03-01 10:30:00'),
(1, 6, 'data/Ho_So/BoHS1/cccd_hs/cccd_hs_1_mat_sau.jpg', 2, '2025-03-01 10:30:00', '2025-03-01 10:30:00'),
(1, 7, 'data/Ho_So/BoHS1/cccd_bo/cccd_bo_1_mat_truoc.jpg', 1, '2025-03-01 10:35:00', '2025-03-01 10:35:00'),
(1, 7, 'data/Ho_So/BoHS1/cccd_bo/cccd_bo_1_mat_sau.jpg', 2, '2025-03-01 10:35:00', '2025-03-01 10:35:00'),
(1, 8, 'data/Ho_So/BoHS1/cccd_me/cccd_me_1_mat_truoc.jpg', 1, '2025-03-01 10:40:00', '2025-03-01 10:40:00'),
(1, 8, 'data/Ho_So/BoHS1/cccd_me/cccd_me_1_mat_sau.jpg', 2, '2025-03-01 10:40:00', '2025-03-01 10:40:00');


INSERT INTO ky_hoc (ten_kyhoc, ngaybd, ngaykt) VALUES
('Kỳ T3', '2025-03-01', '2025-05-26'),
('Kỳ T6', '2025-06-01', '2025-08-26'),
('Kỳ T9', '2025-09-01', '2025-11-26'),
('Kỳ T12', '2025-12-01', '2026-02-23');

INSERT INTO phonghoc (ten_phonghoc) VALUES
('101'),('102'),('103'),('201'),('202'),('203');

INSERT INTO giaovien (ten_giaovien, dob, gioitinh, sdt, email) VALUES
('Phạm Thanh Hùng', '1982-07-20', 'Nam', '0911223344', 'hung.pham@example.com'),
('Đỗ Hoài An', '1993-05-15', 'Nữ', '0977889900', 'hoai.an@example.com'),
('Vũ Đức Thịnh', '1989-11-30', 'Nam', '0909667788', 'thinh.vu@example.com');


INSERT INTO dm_thu (loai_thu) VALUES
('Cọc'),
('Xử lý hồ sơ và đào tạo kỹ năng tiền xuất cảnh'),
('Phí dịch vụ và xử lý hồ sơ'),
('Phí nộp trường Hàn'),
('Phí nộp bên thứ 3');

INSERT INTO thu_hs (id_dm_thu, id_hocsinh, noi_dung, so_tien, ngay_thu) VALUES
(1, 'HS001', 'Cọc', 5000000, '2025-03-01'),
(2, 'HS001', 'Xử lý hồ sơ và đào tạo kỹ năng tiền xuất cảnh', 31000000, '2025-03-02'),
(3, 'HS001', 'Phí dịch vụ và xử lý hồ sơ', 34000000, '2025-03-03'),
(4, 'HS001', 'Phí nộp trường Hàn', 95000000, '2025-03-04'),
(5, 'HS001', 'Phí nộp bên thứ 3', 25000000, '2025-03-05');
